Term,Coef,SE,IRR,IRR_CI_L,IRR_CI_U,z,p_value,Significant,Virus,Location_Name,Model,Spec,AIC,n,dispersion,alpha,overdispersion
Intercept,-1.9135979288595384,5.284353962644477,0.14754856120766513,4.685997761198225e-06,4645.878855239853,-0.36212523657327195,0.717258445591116,False,Dengue,Acre,negbin,per_state,1773.1086542976159,120,1.665400663806529,1.0291969824127298,1.0291969824127298
Temp_Avg,-0.20740254992721327,0.20461655125895004,0.8126924348512788,0.5441931769928207,1.2136664360883993,-1.013615705333326,0.31076616064316853,False,Dengue,Acre,negbin,per_state,1773.1086542976159,120,1.665400663806529,1.0291969824127298,1.0291969824127298
Rain_mm,-0.0020704976180951256,0.0032040273435018436,0.9979316443835067,0.991684376463466,1.0042182679265572,-0.6462172123138543,0.5181386939861711,False,Dengue,Acre,negbin,per_state,1773.1086542976159,120,1.665400663806529,1.0291969824127298,1.0291969824127298
Intercept,-11.110752789304133,5.3528194942360035,1.4950694725051916e-05,4.151924376452048e-10,0.5383606551926242,-2.0756823205543093,0.03792334213302776,True,Dengue,Alagoas,negbin,per_state,1874.8594235924,120,1.2787457588152729,1.02297037503048,1.02297037503048
Temp_Avg,0.08466368671689745,0.19965143937612517,1.088350978250982,0.7359058170102386,1.6095916413219349,0.4240574822874117,0.6715238923553261,False,Dengue,Alagoas,negbin,per_state,1874.8594235924,120,1.2787457588152729,1.02297037503048,1.02297037503048
Rain_mm,0.040257460678158274,0.01106133587581867,1.0410787765386988,1.0187508728537789,1.0638960395912986,3.6394754783792105,0.00027319395027996694,True,Dengue,Alagoas,negbin,per_state,1874.8594235924,120,1.2787457588152729,1.02297037503048,1.02297037503048
Intercept,-58.22746313986718,5.602018272168369,5.153877159728233e-26,8.782129600080405e-31,3.0246023444387752e-21,-10.394015212186932,2.639998831358357e-25,True,Dengue,Amapa,negbin,per_state,1364.3803384351222,120,1.160466291460308,1.2526192070102808,1.2526192070102808
Temp_Avg,1.833541309560408,0.21076647345111366,6.256001916321936,4.138937124223418,9.455944558318714,8.69939739246854,3.336511833726131e-18,True,Dengue,Amapa,negbin,per_state,1364.3803384351222,120,1.160466291460308,1.2526192070102808,1.2526192070102808
Rain_mm,0.011429813597053702,0.004458468105977456,1.0114953834955964,1.0026948406821852,1.0203731677095502,2.5636190111419173,0.010358718102048503,True,Dengue,Amapa,negbin,per_state,1364.3803384351222,120,1.160466291460308,1.2526192070102808,1.2526192070102808
Intercept,-20.070753415105603,4.824241845425936,1.9203595263952023e-09,1.5028131376319269e-13,2.4539183337376662e-05,-4.160395365364097,3.176971438695582e-05,True,Dengue,Amazonas,negbin,per_state,1695.9258473521547,120,1.3289067501191458,0.5005633285361998,0.5005633285361998
Temp_Avg,0.4024655139757249,0.17617886922424744,1.4955073502328562,1.0588198409601022,2.1122972465008565,2.284414219184543,0.022347198688588202,True,Dengue,Amazonas,negbin,per_state,1695.9258473521547,120,1.3289067501191458,0.5005633285361998,0.5005633285361998
Rain_mm,0.0024952217236970447,0.0031115375531023427,1.0024983373803014,0.9964030925451579,1.0086308683397838,0.8019256335856196,0.42259597720346975,False,Dengue,Amazonas,negbin,per_state,1695.9258473521547,120,1.3289067501191458,0.5005633285361998,0.5005633285361998
Intercept,-30.730969263767776,6.54923520660351,4.5051538352604734e-14,1.199190203019683e-19,1.692509747682544e-08,-4.692298916487552,2.7015201740113032e-06,True,Dengue,Bahia,negbin,per_state,2274.507559883415,120,2.2515982636522067,1.265216626803357,1.265216626803357
Temp_Avg,0.8635040231259934,0.2544950952429525,2.3714557880407843,1.440072754759006,3.905221132784553,3.3930085069091547,0.0006912949134933863,True,Dengue,Bahia,negbin,per_state,2274.507559883415,120,2.2515982636522067,1.265216626803357,1.265216626803357
Rain_mm,0.041452485119568186,0.013859956776851222,1.0423236347919682,1.014389516368249,1.0710269991113903,2.9908091191742936,0.0027823935725828524,True,Dengue,Bahia,negbin,per_state,2274.507559883415,120,2.2515982636522067,1.265216626803357,1.265216626803357
Intercept,0.0008059232033887191,4.69101433209941,1.000806248046754,0.00010168994106555454,9849.677712800822,0.00017180147966592063,0.9998629222525258,False,Dengue,Ceara,negbin,per_state,2071.964478190322,120,1.4804440921690298,1.1024125713719073,1.1024125713719073
Temp_Avg,-0.2945204335828493,0.16863461527034,0.7448887254406107,0.5352377279284891,1.0366593839264446,-1.7465004626167668,0.08072402675613136,False,Dengue,Ceara,negbin,per_state,2071.964478190322,120,1.4804440921690298,1.1024125713719073,1.1024125713719073
Rain_mm,-0.022219607352292146,0.011150583995875589,0.9780254298905444,0.9568824259395249,0.9996356036880932,-1.9926855275482254,0.046295893121175526,True,Dengue,Ceara,negbin,per_state,2071.964478190322,120,1.4804440921690298,1.1024125713719073,1.1024125713719073
Intercept,-26.47822066722521,5.853135235365879,3.167049662581414e-12,3.298872859352906e-17,3.0404941302359057e-07,-4.523767109845371,6.0748567599912865e-06,True,Dengue,Distrito Federal,negbin,per_state,2192.2403615241747,120,2.2432216459824943,1.7169444353172962,1.7169444353172962
Temp_Avg,0.8722396289966512,0.26799635325971854,2.392262639054261,1.414769721140016,4.045125117325348,3.2546697684029793,0.001135242861612339,True,Dengue,Distrito Federal,negbin,per_state,2192.2403615241747,120,2.2432216459824943,1.7169444353172962,1.7169444353172962
Rain_mm,0.015963409517368764,0.004355822716188546,1.0160915054473008,1.007453638087846,1.0248034335373923,3.6648437178217272,0.00024748966170393377,True,Dengue,Distrito Federal,negbin,per_state,2192.2403615241747,120,2.2432216459824943,1.7169444353172962,1.7169444353172962
Intercept,-27.001324544237647,4.179201588883322,1.877040945487008e-12,5.200744713437291e-16,6.774573460473015e-09,-6.460881096537957,1.0409508938171774e-10,True,Dengue,Espirito Santo,negbin,per_state,2201.701943762085,120,1.4585170727103118,1.1583432397401243,1.1583432397401243
Temp_Avg,0.8708945871311835,0.1769206501933091,2.389047108647825,1.6889889791870418,3.379267809127882,4.9225151850822195,8.543893261315277e-07,True,Dengue,Espirito Santo,negbin,per_state,2201.701943762085,120,1.4585170727103118,1.1583432397401243,1.1583432397401243
Rain_mm,-0.010110942801450362,0.00496036185479181,0.9899400009397289,0.9803621330669313,0.9996114419421839,-2.0383478257101317,0.04151516013221068,True,Dengue,Espirito Santo,negbin,per_state,2201.701943762085,120,1.4585170727103118,1.1583432397401243,1.1583432397401243
Intercept,-7.485547107868793,4.128313917900027,0.0005611360840078837,1.7178152226192414e-07,1.832989372952456,-1.8132213917677338,0.06979768174453584,False,Dengue,Goias,negbin,per_state,2463.420027474076,120,1.7871622424033402,0.8793894877951522,0.8793894877951522
Temp_Avg,0.030437793821007503,0.1691027210473707,1.0309057593459483,0.7400751532965111,1.4360253548829098,0.17999588435055974,0.857155799243353,False,Dengue,Goias,negbin,per_state,2463.420027474076,120,1.7871622424033402,0.8793894877951522,0.8793894877951522
Rain_mm,0.005427107682119023,0.0070292042007163895,1.0054418611084186,0.991684632972653,1.0193899375438216,0.7720799577235092,0.44006707195805117,False,Dengue,Goias,negbin,per_state,2463.420027474076,120,1.7871622424033402,0.8793894877951522,0.8793894877951522
Intercept,-64.57006572606848,6.813457373399053,9.069362461558067e-29,1.4382843560400649e-34,5.718850734466859e-23,-9.476842986963048,2.620925398721088e-21,True,Dengue,Maranhao,negbin,per_state,1718.6429364036358,120,1.1465289830384722,0.8800710412535883,0.8800710412535883
Temp_Avg,1.997192958428084,0.2476621688149985,7.368343795032963,4.534773364428786,11.972481515322565,8.064182624193887,7.372747613091503e-16,True,Dengue,Maranhao,negbin,per_state,1718.6429364036358,120,1.1465289830384722,0.8800710412535883,0.8800710412535883
Rain_mm,0.01620561447431941,0.006380577686825957,1.0163376376526525,1.0037065344801648,1.029127696418108,2.539834991395733,0.011090477956084728,True,Dengue,Maranhao,negbin,per_state,1718.6429364036358,120,1.1465289830384722,0.8800710412535883,0.8800710412535883
Intercept,-13.13331039102695,3.7536018377744513,1.978225373769993e-06,1.2622500014195882e-09,0.0031003173896028964,-3.4988554883098155,0.00046725975504005525,True,Dengue,Mato Grosso,negbin,per_state,2068.062860828467,120,1.3170948248096657,0.8925521138226626,0.8925521138226626
Temp_Avg,0.2431057036389197,0.14912434232286745,1.2752034106354884,0.9520116495780585,1.7081132769930978,1.6302214638611734,0.10305469911562143,False,Dengue,Mato Grosso,negbin,per_state,2068.062860828467,120,1.3170948248096657,0.8925521138226626,0.8925521138226626
Rain_mm,-0.0174725202684646,0.0064179437170206,0.9826792390557232,0.9703953725601101,0.9951186023522782,-2.722448347767042,0.006480016235502848,True,Dengue,Mato Grosso,negbin,per_state,2068.062860828467,120,1.3170948248096657,0.8925521138226626,0.8925521138226626
Intercept,-6.31523927880988,3.7547000818586693,0.0018085329652084536,1.1514927207383768e-06,2.840479516143478,-1.6819557197984454,0.0925774266747136,False,Dengue,Mato Grosso do Sul,negbin,per_state,2074.5156514527735,120,1.4751902385196882,1.8426311302268004,1.8426311302268004
Temp_Avg,-0.03671010443611693,0.15505747915217882,0.9639555412830247,0.7113271961281482,1.30630501775845,-0.23675158810036084,0.8128495109262917,False,Dengue,Mato Grosso do Sul,negbin,per_state,2074.5156514527735,120,1.4751902385196882,1.8426311302268004,1.8426311302268004
Rain_mm,0.004405233305225376,0.007857692430180974,1.0044149506092195,0.989064389458946,1.0200037568425628,0.5606268436144322,0.5750519480121487,False,Dengue,Mato Grosso do Sul,negbin,per_state,2074.5156514527735,120,1.4751902385196882,1.8426311302268004,1.8426311302268004
Intercept,-47.88797731511406,6.83308700935897,1.5941005166533751e-21,2.4326219255590106e-27,1.0446162761649062e-15,-7.00824930950302,2.4131852858406937e-12,True,Dengue,Minas Gerais,negbin,per_state,2581.1762881961135,120,1.6931328129946566,2.059889419959808,2.059889419959808
Temp_Avg,1.8147303710275358,0.30103203569750686,6.139420588592781,3.403170785683698,11.075696030948532,6.028362950882324,1.6562876152087526e-09,True,Dengue,Minas Gerais,negbin,per_state,2581.1762881961135,120,1.6931328129946566,2.059889419959808,2.059889419959808
Rain_mm,0.013376154963435909,0.011542216424082645,1.0134660159420197,0.9907960290194437,1.0366547052937711,1.158889633669213,0.24650117490931378,False,Dengue,Minas Gerais,negbin,per_state,2581.1762881961135,120,1.6931328129946566,2.059889419959808,2.059889419959808
Intercept,-29.571543456887063,4.583142188954104,1.4362890691951906e-13,1.802986458512051e-17,1.1441718159059591e-09,-6.452242203647502,1.1020725572793631e-10,True,Dengue,Para,negbin,per_state,1801.8107871325801,120,1.3790641258011307,0.6958829249105671,0.6958829249105671
Temp_Avg,0.755440673811494,0.1730558000660483,2.128549312649089,1.5162668674742912,2.9880770157076117,4.365301096658843,1.269477717193061e-05,True,Dengue,Para,negbin,per_state,1801.8107871325801,120,1.3790641258011307,0.6958829249105671,0.6958829249105671
Rain_mm,0.0005212718917291024,0.006496633737026031,1.0005214077775317,0.9878621352090807,1.0133429066083839,0.08023722943749102,0.9360485807919992,False,Dengue,Para,negbin,per_state,1801.8107871325801,120,1.3790641258011307,0.6958829249105671,0.6958829249105671
Intercept,16.560736094433317,6.948294958025487,15568124.716142874,18.955193867709564,12786284797131.69,2.383424450815113,0.017152404769971086,True,Dengue,Paraiba,negbin,per_state,1947.1483310457434,120,1.330497702034744,0.8122741019161447,0.8122741019161447
Temp_Avg,-0.9422950324232623,0.2639988966784019,0.3897323597767438,0.23229832031280026,0.6538631534340014,-3.569314282290911,0.0003579168428816487,True,Dengue,Paraiba,negbin,per_state,1947.1483310457434,120,1.330497702034744,0.8122741019161447,0.8122741019161447
Rain_mm,-0.008817526700476176,0.006846876002452661,0.9912212336808538,0.9780080247987544,1.0046129573445655,-1.2878174947695264,0.1978095008554842,False,Dengue,Paraiba,negbin,per_state,1947.1483310457434,120,1.330497702034744,0.8122741019161447,0.8122741019161447
Intercept,-14.665133326913752,2.8763070777352335,4.2757619654760917e-07,1.5228302920602977e-09,0.00012005369528522686,-5.0985979349815755,3.421784848978879e-07,True,Dengue,Parana,negbin,per_state,2363.0945671339605,120,1.581687708221327,2.7486154127742677,2.7486154127742677
Temp_Avg,0.3733636861873079,0.13669188688694972,1.4526125388935078,1.1112078622466188,1.8989095198485342,2.73142535881516,0.006306102358311242,True,Dengue,Parana,negbin,per_state,2363.0945671339605,120,1.581687708221327,2.7486154127742677,2.7486154127742677
Rain_mm,-0.0009582543686493813,0.008186632819042949,0.9990422046104502,0.9831396982962181,1.01520193755027,-0.11705109900866485,0.906819560597889,False,Dengue,Parana,negbin,per_state,2363.0945671339605,120,1.581687708221327,2.7486154127742677,2.7486154127742677
Intercept,-15.056681558180111,5.317753121991778,2.8904554728778697e-07,8.59811883008599e-12,0.009716931116903495,-2.8313991290631018,0.004634484907576006,True,Dengue,Pernambuco,negbin,per_state,2067.9522733390245,120,2.1872453028620518,0.7750562999863508,0.7750562999863508
Temp_Avg,0.26613675607291815,0.20463555011627,1.304913501331032,0.8737605403537293,1.9488168294561112,1.3005401843506876,0.19341589290852712,False,Dengue,Pernambuco,negbin,per_state,2067.9522733390245,120,2.1872453028620518,0.7750562999863508,0.7750562999863508
Rain_mm,-0.011117639677510555,0.011705671034426638,0.9889439328867157,0.9665127824614277,1.0118956729188173,-0.9497652586351804,0.34223154225574537,False,Dengue,Pernambuco,negbin,per_state,2067.9522733390245,120,2.1872453028620518,0.7750562999863508,0.7750562999863508
Intercept,1.0308699675959794,8.213783427318905,2.8035037315013236,2.857508527714036e-07,27505195.85965832,0.12550488781665745,0.9001238557184228,False,Dengue,Piaui,negbin,per_state,1828.748619702636,120,2.057722403051227,1.2975606602490586,1.2975606602490586
Temp_Avg,-0.3389101174909481,0.2901607612152218,0.7125464916774824,0.4034812706907318,1.2583545747556089,-1.1680080934153856,0.2428035002718535,False,Dengue,Piaui,negbin,per_state,1828.748619702636,120,2.057722403051227,1.2975606602490586,1.2975606602490586
Rain_mm,-0.0020738229906058408,0.011810090216983201,0.9979283258945665,0.9750938074766374,1.0212975777169955,-0.17559755704690827,0.8606101217255642,False,Dengue,Piaui,negbin,per_state,1828.748619702636,120,2.057722403051227,1.2975606602490586,1.2975606602490586
Intercept,18.420264766758557,3.7924390095384775,99958410.93127087,59105.798270349056,169047440493.11395,4.857102439994208,1.1911597718278474e-06,True,Dengue,Rio Grande do Norte,negbin,per_state,2003.8088985180525,120,2.434579209358662,0.9652109703211558,0.9652109703211558
Temp_Avg,-0.9280040589261009,0.1335332471330121,0.39534200275886944,0.3043036512483487,0.5136162464834771,-6.949610519107041,3.662960685769508e-12,True,Dengue,Rio Grande do Norte,negbin,per_state,2003.8088985180525,120,2.434579209358662,0.9652109703211558,0.9652109703211558
Rain_mm,-0.009521913666981612,0.007830859349390639,0.9905232762078574,0.9754363223428997,1.005843578136353,-1.2159474767890657,0.22400493072201533,False,Dengue,Rio Grande do Norte,negbin,per_state,2003.8088985180525,120,2.434579209358662,0.9652109703211558,0.9652109703211558
Intercept,-22.896376492299186,5.491397059240225,1.138230015246936e-10,2.4091203153732424e-15,5.377761996118133e-06,-4.169499354225729,3.052694809297703e-05,True,Dengue,Rio Grande do Sul,negbin,per_state,1878.1659820933692,120,2.3361036827617734,4.049547944801819,4.049547944801819
Temp_Avg,0.7445197788709275,0.2832018753660175,2.105430120143307,1.2085775664266494,3.667812570700812,2.6289366124736664,0.008565232472644542,True,Dengue,Rio Grande do Sul,negbin,per_state,1878.1659820933692,120,2.3361036827617734,4.049547944801819,4.049547944801819
Rain_mm,0.015614697638419611,0.007857635935720695,1.0157372440404222,1.0002137540465483,1.0315016612767132,1.9872004463117754,0.046900188427039954,True,Dengue,Rio Grande do Sul,negbin,per_state,1878.1659820933692,120,2.3361036827617734,4.049547944801819,4.049547944801819
Intercept,-40.13023005715008,4.149068440968963,3.729602340113591e-18,1.0962362824042272e-21,1.268880973805578e-14,-9.672106071062585,3.9614052594874902e-22,True,Dengue,Rio de Janeiro,negbin,per_state,2150.3175699672274,120,2.197567348759852,1.5350181547232011,1.5350181547232011
Temp_Avg,1.415599314443654,0.18342791596413835,4.118954275192413,2.8750802852217827,5.900977586028393,7.7174693230468545,1.1866207568712826e-14,True,Dengue,Rio de Janeiro,negbin,per_state,2150.3175699672274,120,2.197567348759852,1.5350181547232011,1.5350181547232011
Rain_mm,0.005498237230666225,0.00497794912467682,1.0055133802776226,0.9957505116828812,1.0153719692381382,1.1045185663730912,0.2693682542107235,False,Dengue,Rio de Janeiro,negbin,per_state,2150.3175699672274,120,2.197567348759852,1.5350181547232011,1.5350181547232011
Intercept,-16.172048710625965,4.06262582917304,9.474765803235605e-08,3.299070252566811e-11,0.0002721105649578611,-3.980688695103835,6.871589226576027e-05,True,Dengue,Rondonia,negbin,per_state,1682.2202611808211,120,1.5184735667236442,1.370305757432617,1.370305757432617
Temp_Avg,0.3060347564411281,0.15425343146835196,1.3580295060002208,1.0037048769154135,1.8374366624927998,1.983973734185077,0.04725876809377622,True,Dengue,Rondonia,negbin,per_state,1682.2202611808211,120,1.5184735667236442,1.370305757432617,1.370305757432617
Rain_mm,-0.0037601532126444546,0.004966750616669355,0.9962469073111242,0.9865956646535082,1.005992561983888,-0.7570650316173856,0.4490109025496757,False,Dengue,Rondonia,negbin,per_state,1682.2202611808211,120,1.5184735667236442,1.370305757432617,1.370305757432617
Intercept,-14.840177508821503,1.775945803374635,3.589159821625563e-07,1.1047835799255574e-08,1.1660264018441753e-05,-8.356210803630574,6.476493305098608e-17,True,Dengue,Roraima,negbin,per_state,1058.1853267889667,119,1.7837919289488726,1.107972831219422,1.107972831219422
Temp_Avg,0.15977673255370048,0.06355365125708176,1.1732488934630543,1.0358388443492557,1.3288871850302613,2.5140448958217267,0.011935523862512844,True,Dengue,Roraima,negbin,per_state,1058.1853267889667,119,1.7837919289488726,1.107972831219422,1.107972831219422
Rain_mm,0.013728648670495718,0.0029621140976732953,1.013823319304852,1.0079543743056207,1.0197264369970962,4.6347467443200125,3.5737473123395216e-06,True,Dengue,Roraima,negbin,per_state,1058.1853267889667,119,1.7837919289488726,1.107972831219422,1.107972831219422
Intercept,-30.486873953408427,4.012891634234104,5.750675628459249e-14,2.2073772021674775e-17,1.4981703240969723e-10,-7.597233300128005,3.025288473190032e-14,True,Dengue,Santa Catarina,negbin,per_state,1950.923303860186,120,2.0977043794374715,3.5218642857728915,3.5218642857728915
Temp_Avg,1.188580596162783,0.21808282362101253,3.2824188213911776,2.1407115245206376,5.033033734629749,5.450133928146105,5.033190280016157e-08,True,Dengue,Santa Catarina,negbin,per_state,1950.923303860186,120,2.0977043794374715,3.5218642857728915,3.5218642857728915
Rain_mm,0.015142872751480279,0.00737770453024221,1.015258106973378,1.0006828048773972,1.0300457035448443,2.052518190367694,0.04011932907583793,True,Dengue,Santa Catarina,negbin,per_state,1950.923303860186,120,2.0977043794374715,3.5218642857728915,3.5218642857728915
Intercept,-21.97566284770059,3.610907448407225,2.8581886420339773e-10,2.4122616763446347e-13,3.386548977485355e-07,-6.085911411934437,1.1583047821385297e-09,True,Dengue,Sao Paulo,negbin,per_state,2680.004314162059,120,1.4646468174000233,2.2296377243199794,2.2296377243199794
Temp_Avg,0.6614945753832423,0.16022227285463206,1.937686189400256,1.4154661629029084,2.6525733125914552,4.128605615171925,3.6496979011305216e-05,True,Dengue,Sao Paulo,negbin,per_state,2680.004314162059,120,1.4646468174000233,2.2296377243199794,2.2296377243199794
Rain_mm,0.007356849828110568,0.009285442522691588,1.0073839779327998,0.9892159517882885,1.0258856796244862,0.7922993233905696,0.428186166125082,False,Dengue,Sao Paulo,negbin,per_state,2680.004314162059,120,1.4646468174000233,2.2296377243199794,2.2296377243199794
Intercept,-2.215132428979008,5.403083947080261,0.10913906011711104,2.7465170802823318e-06,4336.887081008776,-0.40997557148376895,0.6818238674979717,False,Dengue,Sergipe,negbin,per_state,1516.3039229965932,120,1.5430622819557276,1.2140041391087717,1.2140041391087717
Temp_Avg,-0.2794665345465932,0.21112283834724258,0.75618703353367,0.49993994503326616,1.143775038112633,-1.3237153153793002,0.1855976100582667,False,Dengue,Sergipe,negbin,per_state,1516.3039229965932,120,1.5430622819557276,1.2140041391087717,1.2140041391087717
Rain_mm,0.002163184021264975,0.004848116699438681,1.0021655253917874,0.9926877409025812,1.0117337999667702,0.44619058396746725,0.6554595839802553,False,Dengue,Sergipe,negbin,per_state,1516.3039229965932,120,1.5430622819557276,1.2140041391087717,1.2140041391087717
Intercept,-37.0280775380238,9.798888869005044,8.296792902767555e-17,3.7837954893622283e-25,1.819251930104096e-08,-3.778803702443004,0.0001575835811396676,True,Dengue,Tocantins,negbin,per_state,1769.6829347879952,120,1.5791376958759238,1.2375886300088685,1.2375886300088685
Temp_Avg,1.0885900008964629,0.36342600813931164,2.970083303971361,1.4568477481485822,6.055124733342934,2.995355248431133,0.002741253754663521,True,Dengue,Tocantins,negbin,per_state,1769.6829347879952,120,1.5791376958759238,1.2375886300088685,1.2375886300088685
Rain_mm,0.010441591554253808,0.008542880927065526,1.01049629520328,0.9937173637495319,1.0275585391470783,1.2222564780427634,0.22161065200823615,False,Dengue,Tocantins,negbin,per_state,1769.6829347879952,120,1.5791376958759238,1.2375886300088685,1.2375886300088685
Intercept,-2.3055923174078505,4.100528687309469,0.099699729275635,3.2229494560292464e-05,308.4142693904139,-0.5622670863255557,0.5739340597237284,False,Chikungunya,Acre,negbin,per_state,1039.1658417776837,108,1.629549669978579,0.7945787943872749,0.7945787943872749
Temp_Avg,-0.30222502154985753,0.15945988329963237,0.7391717166089776,0.540767207658972,1.010369746715905,-1.895304419494419,0.058052083011207366,False,Chikungunya,Acre,negbin,per_state,1039.1658417776837,108,1.629549669978579,0.7945787943872749,0.7945787943872749
Rain_mm,0.0024798925903396383,0.0029009443552790296,1.0024829700673812,0.9967991752509529,1.0081991741436858,0.8548570005580503,0.3926303177938556,False,Chikungunya,Acre,negbin,per_state,1039.1658417776837,108,1.629549669978579,0.7945787943872749,0.7945787943872749
Intercept,28.6043115707248,6.166559712271439,2646638792663.521,14914650.37773165,4.696521018883418e+17,4.6386174634459945,3.5074756860420946e-06,True,Chikungunya,Alagoas,negbin,per_state,1296.126521773288,108,1.5557173458167408,1.160190706665758,1.160190706665758
Temp_Avg,-1.4675385016581868,0.2305447617777904,0.23049214351540578,0.1466940380997323,0.36215942318124356,-6.3655252469915915,1.9462255620960803e-10,True,Chikungunya,Alagoas,negbin,per_state,1296.126521773288,108,1.5557173458167408,1.160190706665758,1.160190706665758
Rain_mm,-0.02244373236631676,0.011826034748008252,0.9778062544896161,0.9554023097337523,1.0007355661359616,-1.897823982810193,0.05771927282108937,False,Chikungunya,Alagoas,negbin,per_state,1296.126521773288,108,1.5557173458167408,1.160190706665758,1.160190706665758
Intercept,-24.088027935638607,5.635603613976887,3.457023944497027e-11,5.515434688285291e-16,2.1668309441157193e-06,-4.274258728186236,1.9177424317464082e-05,True,Chikungunya,Amapa,negbin,per_state,920.839424117851,104,1.0147323378080881,0.8732268607045202,0.8732268607045202
Temp_Avg,0.5138706446013697,0.21236224217224597,1.671749436034261,1.1025665065752777,2.534764261578862,2.419783476313891,0.015529751063191688,True,Chikungunya,Amapa,negbin,per_state,920.839424117851,104,1.0147323378080881,0.8732268607045202,0.8732268607045202
Rain_mm,0.0047158691504729025,0.0037627744130289977,1.004727006361723,0.9973443637581941,1.0121642975037028,1.253295742137428,0.2100980974291965,False,Chikungunya,Amapa,negbin,per_state,920.839424117851,104,1.0147323378080881,0.8732268607045202,0.8732268607045202
Intercept,-15.930769318924689,4.75046364148171,1.206020784055829e-07,1.0906326783509504e-11,0.0013336168633547958,-3.3535188396801927,0.000797909816841968,True,Chikungunya,Amazonas,negbin,per_state,953.1147166401286,108,1.2539668487491122,0.47414011983718174,0.47414011983718174
Temp_Avg,0.14704369838147202,0.17338951111104303,1.158404582329194,0.8246470986322497,1.6272429486345572,0.848054172592375,0.3964078019168654,False,Chikungunya,Amazonas,negbin,per_state,953.1147166401286,108,1.2539668487491122,0.47414011983718174,0.47414011983718174
Rain_mm,0.0040522843477000785,0.0037639707195632715,1.0040605059535945,0.9966804237544722,1.011495235170926,1.0765982654004969,0.2816597795010488,False,Chikungunya,Amazonas,negbin,per_state,953.1147166401286,108,1.2539668487491122,0.47414011983718174,0.47414011983718174
Intercept,-0.1778793273931102,6.342608490969706,0.837043425606799,3.3404936259550903e-06,209741.96475266185,-0.028045137524468997,0.9776261507517068,False,Chikungunya,Bahia,negbin,per_state,1807.6524757615466,108,1.4285809002936356,0.9659286449227151,0.9659286449227151
Temp_Avg,-0.38072731568613416,0.24652976651192987,0.6833642069157265,0.4215041490517549,1.1079052017497943,-1.5443462307733549,0.12250447847980166,False,Chikungunya,Bahia,negbin,per_state,1807.6524757615466,108,1.4285809002936356,0.9659286449227151,0.9659286449227151
Rain_mm,0.02312144718085808,0.012079162764806547,1.0233908199303101,0.9994464414319466,1.0479088492396682,1.9141597502290448,0.055599746887632875,False,Chikungunya,Bahia,negbin,per_state,1807.6524757615466,108,1.4285809002936356,0.9659286449227151,0.9659286449227151
Intercept,-13.023691987514123,10.252600595833007,2.2074071036310314e-06,4.137067649127063e-15,1177.801896033507,-1.2702818046776716,0.2039842671216735,False,Chikungunya,Ceara,negbin,per_state,1860.6682998127148,108,3.5875801598535553,2.0636988634363864,2.0636988634363864
Temp_Avg,0.17272138012908506,0.37197097612136515,1.1885349095042759,0.5733025259647968,2.4639961750265824,0.4643410137266469,0.6424034438562611,False,Chikungunya,Ceara,negbin,per_state,1860.6682998127148,108,3.5875801598535553,2.0636988634363864,2.0636988634363864
Rain_mm,0.006363686782255613,0.01796654728429457,1.0063839780565897,0.9715614631821858,1.0424545946601484,0.3541964230277244,0.72319168407393,False,Chikungunya,Ceara,negbin,per_state,1860.6682998127148,108,3.5875801598535553,2.0636988634363864,2.0636988634363864
Intercept,-13.109186280330418,4.2076565626999,2.026528595226519e-06,5.310350213824333e-10,0.007733610744880005,-3.1155551991911454,0.0018359898256703887,True,Chikungunya,Distrito Federal,negbin,per_state,1118.6261816956023,108,1.3891958955000452,0.7631192490840114,0.7631192490840114
Temp_Avg,0.0957344951654047,0.1925799092025019,1.100466845935134,0.7544833060442999,1.6051081174370163,0.4971156937494338,0.6191074682373054,False,Chikungunya,Distrito Federal,negbin,per_state,1118.6261816956023,108,1.3891958955000452,0.7631192490840114,0.7631192490840114
Rain_mm,0.005754824267760821,0.0031796517504722797,1.005771415079404,0.9995228207230972,1.0120590730074672,1.8098913715648406,0.0703126344639714,False,Chikungunya,Distrito Federal,negbin,per_state,1118.6261816956023,108,1.3891958955000452,0.7631192490840114,0.7631192490840114
Intercept,-31.170555483241813,3.4375416511026105,2.902683978137053e-14,3.441162882490576e-17,2.448467150394071e-11,-9.067688088446488,1.215689898690776e-19,True,Chikungunya,Espirito Santo,negbin,per_state,1595.767077917499,108,1.2139547196347789,0.788697424944292,0.788697424944292
Temp_Avg,0.967672700946733,0.14529871614338372,2.631812312149325,1.9795849812476998,3.498933418870028,6.6598847301019095,2.7404243063428782e-11,True,Chikungunya,Espirito Santo,negbin,per_state,1595.767077917499,108,1.2139547196347789,0.788697424944292,0.788697424944292
Rain_mm,-0.005596435228531705,0.004322495793658321,0.9944191956424557,0.9860299722874014,1.0028797951934463,-1.294723117311629,0.19541576225257606,False,Chikungunya,Espirito Santo,negbin,per_state,1595.767077917499,108,1.2139547196347789,0.788697424944292,0.788697424944292
Intercept,-26.850670922430602,6.002395429951395,2.1822363366800997e-12,1.6965225814496526e-17,2.807009751121487e-07,-4.473325897265656,7.701226576463998e-06,True,Chikungunya,Goias,negbin,per_state,1400.6112737780138,108,1.5709208991835897,1.7128196203341413,1.7128196203341413
Temp_Avg,0.7010329879187079,0.2475336762945226,2.0158339644601524,1.240937301497184,3.2746107054469555,2.832071168710794,0.004624755391681664,True,Chikungunya,Goias,negbin,per_state,1400.6112737780138,108,1.5709208991835897,1.7128196203341413,1.7128196203341413
Rain_mm,-0.007350914032580513,0.010528457980275128,0.9926760378552051,0.9724013077488199,1.013373499479546,-0.6981947447909576,0.48505541254604445,False,Chikungunya,Goias,negbin,per_state,1400.6112737780138,108,1.5709208991835897,1.7128196203341413,1.7128196203341413
Intercept,-83.866830997553,11.099497779580327,3.776574731840963e-37,1.3459063229697804e-46,1.0596960919025182e-27,-7.555912228014699,4.159342736699216e-14,True,Chikungunya,Maranhao,negbin,per_state,1329.1262990362395,108,1.6681010313752151,1.1298918140774,1.1298918140774
Temp_Avg,2.674572367350092,0.4042578444776576,14.506145211717902,6.568115729335604,32.0378412279791,6.616006105721739,3.690331326431708e-11,True,Chikungunya,Maranhao,negbin,per_state,1329.1262990362395,108,1.6681010313752151,1.1298918140774,1.1298918140774
Rain_mm,0.0161635377208139,0.007939234145083128,1.0162948743640712,1.000602820419693,1.0322330205160346,2.0359064143263983,0.041759753611712885,True,Chikungunya,Maranhao,negbin,per_state,1329.1262990362395,108,1.6681010313752151,1.1298918140774,1.1298918140774
Intercept,-21.169141224055085,9.402901513029784,6.402635521831762e-10,6.345230855178536e-18,0.06460559522742286,-2.2513413752893823,0.02436392413178147,True,Chikungunya,Mato Grosso,negbin,per_state,1586.1344838175605,108,2.225757835860034,2.8416147171467996,2.8416147171467996
Temp_Avg,0.48510951427031285,0.3616573865673425,1.6243528889252092,0.7995238121081065,3.300117229532757,1.3413510473951924,0.17980650325470915,False,Chikungunya,Mato Grosso,negbin,per_state,1586.1344838175605,108,2.225757835860034,2.8416147171467996,2.8416147171467996
Rain_mm,0.01864205172443278,0.015909016322286907,1.018816899588333,0.9875386731726187,1.0510857985460855,1.1717916021191814,0.24128073513987436,False,Chikungunya,Mato Grosso,negbin,per_state,1586.1344838175605,108,2.225757835860034,2.8416147171467996,2.8416147171467996
Intercept,-18.95114465302784,4.632859675673342,5.8833197381857696e-09,6.699658745384105e-13,5.1664498830741286e-05,-4.090593279252187,4.302711127436627e-05,True,Chikungunya,Mato Grosso do Sul,negbin,per_state,1600.769181840321,108,1.5235948721941581,2.4341410394240204,2.4341410394240204
Temp_Avg,0.42378555321703293,0.1931981387773498,1.5277339410243904,1.0461504628276421,2.2310089011951693,2.1935281359279677,0.028269349721816106,True,Chikungunya,Mato Grosso do Sul,negbin,per_state,1600.769181840321,108,1.5235948721941581,2.4341410394240204,2.4341410394240204
Rain_mm,0.017769072139265672,0.012173542086077044,1.0179278813378205,0.9939274426125662,1.0425078604141198,1.4596468319264506,0.1443871612268599,False,Chikungunya,Mato Grosso do Sul,negbin,per_state,1600.769181840321,108,1.5235948721941581,2.4341410394240204,2.4341410394240204
Intercept,-39.77391220964992,6.391708249022409,5.3261010716682875e-18,1.930534217271051e-23,1.4694042908871812e-12,-6.222735872797887,4.885594809957187e-10,True,Chikungunya,Minas Gerais,negbin,per_state,1934.8310154676203,108,1.6627458059886775,1.7735044887478346,1.7735044887478346
Temp_Avg,1.4005298472475474,0.2809310953641621,4.057349172710487,2.339424362870808,7.036808956325114,4.985314443145159,6.186112343950576e-07,True,Chikungunya,Minas Gerais,negbin,per_state,1934.8310154676203,108,1.6627458059886775,1.7735044887478346,1.7735044887478346
Rain_mm,-0.005964686108188974,0.013234354708407087,0.9940530673165888,0.9685995425074123,1.0201754773531257,-0.45069716201575916,0.6522078280534404,False,Chikungunya,Minas Gerais,negbin,per_state,1934.8310154676203,108,1.6627458059886775,1.7735044887478346,1.7735044887478346
Intercept,-22.229861118820494,6.616203331160726,2.2166339602579758e-10,5.17449546653522e-16,9.495546272183642e-05,-3.3599120229759563,0.0007796729630291888,True,Chikungunya,Para,negbin,per_state,1526.099069150871,108,1.2673512497212296,0.867799580985209,0.867799580985209
Temp_Avg,0.40950761237399913,0.24565933443866741,1.5060760293115012,0.9305451487450412,2.437565774348233,1.6669735481850332,0.09551966476711059,False,Chikungunya,Para,negbin,per_state,1526.099069150871,108,1.2673512497212296,0.867799580985209,0.867799580985209
Rain_mm,0.027729157530825343,0.007159362470675312,1.028117188910876,1.0137910380802455,1.042645786389694,3.8731322299162443,0.00010744549366330022,True,Chikungunya,Para,negbin,per_state,1526.099069150871,108,1.2673512497212296,0.867799580985209,0.867799580985209
Intercept,-28.81090233707925,9.284310392600764,3.0731523898381033e-13,3.842550144443453e-21,2.4578119363841298e-05,-3.103181724734281,0.0019145204078281418,True,Chikungunya,Paraiba,negbin,per_state,1549.8490122280505,108,2.039685428879176,1.0032491297340829,1.0032491297340829
Temp_Avg,0.7264258143769025,0.35049650420270395,2.0676771229951587,1.0402412590850751,4.109901090366081,2.0725622243489936,0.03821303969862258,True,Chikungunya,Paraiba,negbin,per_state,1549.8490122280505,108,2.039685428879176,1.0032491297340829,1.0032491297340829
Rain_mm,0.03970877360388883,0.009728522324461234,1.0405077067543473,1.0208553658547435,1.0605383720628265,4.081686023790659,4.471017091950526e-05,True,Chikungunya,Paraiba,negbin,per_state,1549.8490122280505,108,2.039685428879176,1.0032491297340829,1.0032491297340829
Intercept,-23.65176945678646,2.803218936807439,5.347700022559238e-11,2.1979555569159653e-13,1.3011134570622012e-08,-8.43736075917183,3.2458343915305554e-17,True,Chikungunya,Parana,negbin,per_state,1326.0611475576743,108,2.0098905738746193,1.4131597137210177,1.4131597137210177
Temp_Avg,0.5936099136253492,0.13124787497612456,1.8105124262315846,1.399848587059709,2.3416498583065404,4.522815426408492,6.102245039528534e-06,True,Chikungunya,Parana,negbin,per_state,1326.0611475576743,108,2.0098905738746193,1.4131597137210177,1.4131597137210177
Rain_mm,0.0013069140781633995,0.005805332825037986,1.0013077684625291,0.9899790098411662,1.0127661669758747,0.22512302352877556,0.821883570469473,False,Chikungunya,Parana,negbin,per_state,1326.0611475576743,108,2.0098905738746193,1.4131597137210177,1.4131597137210177
Intercept,-4.057150456791312,4.435277721396541,0.017298241037313256,2.90146495759842e-06,103.13036599024248,-0.9147455270318073,0.36032523773089387,False,Chikungunya,Pernambuco,negbin,per_state,1750.4860610800051,108,2.35271377477907,0.8473397449787793,0.8473397449787793
Temp_Avg,-0.19489922045645758,0.16965300909620898,0.8229175871359754,0.5901260515037545,1.1475401797498634,-1.1488108669262191,0.2506339774497508,False,Chikungunya,Pernambuco,negbin,per_state,1750.4860610800051,108,2.35271377477907,0.8473397449787793,0.8473397449787793
Rain_mm,0.0013281308428751207,0.011456757248184107,1.001329013199228,0.9790945006638863,1.0240684550824,0.1159255463046168,0.9077115491665618,False,Chikungunya,Pernambuco,negbin,per_state,1750.4860610800051,108,2.35271377477907,0.8473397449787793,0.8473397449787793
Intercept,-7.549624640399728,12.12657048467485,0.0005263076446708133,2.5055004914202033e-14,11055664.837723745,-0.6225688169578273,0.5335679081797609,False,Chikungunya,Piaui,negbin,per_state,1404.7083206061254,108,2.5207952462030265,1.9189219235906905,1.9189219235906905
Temp_Avg,-0.0529254405334755,0.4290298932691384,0.9484507258262332,0.40908839101365835,2.198934995665215,-0.12336072931933065,0.9018214529588554,False,Chikungunya,Piaui,negbin,per_state,1404.7083206061254,108,2.5207952462030265,1.9189219235906905,1.9189219235906905
Rain_mm,-0.01520834155077775,0.016973941852755147,0.9849067212323752,0.9526789957566641,1.0182246631335181,-0.8959817161332616,0.37026252845855956,False,Chikungunya,Piaui,negbin,per_state,1404.7083206061254,108,2.5207952462030265,1.9189219235906905,1.9189219235906905
Intercept,-0.3368998255480817,3.6348970537467866,0.7139803589116059,0.0005749094252426829,886.6926345769351,-0.09268483276598202,0.9261539468376748,False,Chikungunya,Rio Grande do Norte,negbin,per_state,1614.5258975615375,108,1.6389936705134724,0.8881467533038179,0.8881467533038179
Temp_Avg,-0.2875106637235559,0.12762002090137217,0.7501285675646554,0.5841217132963457,0.9633144173004362,-2.252864885093155,0.02426766952640488,True,Chikungunya,Rio Grande do Norte,negbin,per_state,1614.5258975615375,108,1.6389936705134724,0.8881467533038179,0.8881467533038179
Rain_mm,-0.013745876452403365,0.00934823407941147,0.9863481667122705,0.9684403237277134,1.004587151257647,-1.470424931129747,0.1414467032239464,False,Chikungunya,Rio Grande do Norte,negbin,per_state,1614.5258975615375,108,1.6389936705134724,0.8881467533038179,0.8881467533038179
Intercept,-17.22835018433323,2.0928966064775274,3.2947508799529646e-08,5.448952546556519e-10,1.9921963475000215e-06,-8.231820975298724,1.8438868487975506e-16,True,Chikungunya,Rio Grande do Sul,negbin,per_state,1077.7655352740196,108,1.8074827566965956,0.944121678494886,0.944121678494886
Temp_Avg,0.2551860539161303,0.11007989488080823,1.2907017386478028,1.0402171193290173,1.6015031354444944,2.318189476765393,0.020439025696797414,True,Chikungunya,Rio Grande do Sul,negbin,per_state,1077.7655352740196,108,1.8074827566965956,0.944121678494886,0.944121678494886
Rain_mm,0.0027736038576003296,0.0032133679836895074,1.0027774538554133,0.9964816067118233,1.0091130786436564,0.8631454199079148,0.388057518113075,False,Chikungunya,Rio Grande do Sul,negbin,per_state,1077.7655352740196,108,1.8074827566965956,0.944121678494886,0.944121678494886
Intercept,-12.65537851851493,4.714365860377137,3.1903545009579452e-06,3.096632792194491e-10,0.03286912761318891,-2.6844285940723602,0.007265390131069417,True,Chikungunya,Rio de Janeiro,negbin,per_state,1747.8100792479909,108,2.170157002508872,1.7561677975971086,1.7561677975971086
Temp_Avg,0.08781496656829382,0.21064743767995434,1.0917860864108444,0.722488330065542,1.6498492901223378,0.41688124733667475,0.6767652706809382,False,Chikungunya,Rio de Janeiro,negbin,per_state,1747.8100792479909,108,2.170157002508872,1.7561677975971086,1.7561677975971086
Rain_mm,0.02653046424733832,0.005886454146596301,1.0268855300799524,1.0151059731824428,1.0388017800561824,4.50703659395341,6.573929936524964e-06,True,Chikungunya,Rio de Janeiro,negbin,per_state,1747.8100792479909,108,2.170157002508872,1.7561677975971086,1.7561677975971086
Intercept,-18.860886647830043,5.417541627328641,6.43903825138153e-09,1.575130256706029e-13,0.0002632240313220809,-3.481447480290103,0.0004987115715443738,True,Chikungunya,Rondonia,negbin,per_state,1299.471327091346,108,3.8827266732417303,1.3736075000153665,1.3736075000153665
Temp_Avg,0.38449974530331704,0.20823297374656716,1.4688793238328617,0.9766402798329877,2.209213067018545,1.8464882788989885,0.06482133971891546,False,Chikungunya,Rondonia,negbin,per_state,1299.471327091346,108,3.8827266732417303,1.3736075000153665,1.3736075000153665
Rain_mm,-0.012547420847042435,0.0043054887010876425,0.9875309698284453,0.9792324987409144,0.9958997660149483,-2.9142849321315683,0.003565043563663147,True,Chikungunya,Rondonia,negbin,per_state,1299.471327091346,108,3.8827266732417303,1.3736075000153665,1.3736075000153665
Intercept,5.206521863695079,1.7872002937601679,182.4583383037952,5.493740141330537,6059.814326878477,2.9132279587649648,0.003577133645973154,True,Chikungunya,Roraima,negbin,per_state,1147.4232590288423,107,2.1544413546855785,1.194084012771923,1.194084012771923
Temp_Avg,-0.5139892592975505,0.0642571705590016,0.5981048180941468,0.5273275884526253,0.6783816763259876,-7.998940115572008,1.2549472922835254e-15,True,Chikungunya,Roraima,negbin,per_state,1147.4232590288423,107,2.1544413546855785,1.194084012771923,1.194084012771923
Rain_mm,-0.003722304833415025,0.0037274056521197888,0.996284614355449,0.9890325657820799,1.003589838335099,-0.9986315364677674,0.31797321722426364,False,Chikungunya,Roraima,negbin,per_state,1147.4232590288423,107,2.1544413546855785,1.194084012771923,1.194084012771923
Intercept,-18.21864073865964,1.835874699016204,1.2238969694885238e-08,3.349783715478706e-10,4.47170300876911e-07,-9.923684197196312,3.284054701518532e-23,True,Chikungunya,Santa Catarina,negbin,per_state,1148.0660020062826,108,1.8553223688737461,0.6807617329018915,0.6807617329018915
Temp_Avg,0.36170696714663264,0.09845006858095984,1.4357781501423106,1.183818028764294,1.7413646745842264,3.674014374598277,0.0002387692910072857,True,Chikungunya,Santa Catarina,negbin,per_state,1148.0660020062826,108,1.8553223688737461,0.6807617329018915,0.6807617329018915
Rain_mm,-0.0005592910499642066,0.002511775678996044,0.9994408653241208,0.9945326293913944,1.0043733244741249,-0.2226675951364236,0.8237942235257316,False,Chikungunya,Santa Catarina,negbin,per_state,1148.0660020062826,108,1.8553223688737461,0.6807617329018915,0.6807617329018915
Intercept,-26.352575919212697,2.5564764721525615,3.5910520033421543e-12,2.3938944033459883e-14,5.386893620989805e-10,-10.30816289774955,6.472674895028366e-25,True,Chikungunya,Sao Paulo,negbin,per_state,1685.0269636474372,108,1.5246598508967695,0.7903538678705981,0.7903538678705981
Temp_Avg,0.7178252391879726,0.11286151383977834,2.0499701645943067,1.6431525317101765,2.557509174971733,6.360230469768634,2.014512553500062e-10,True,Chikungunya,Sao Paulo,negbin,per_state,1685.0269636474372,108,1.5246598508967695,0.7903538678705981,0.7903538678705981
Rain_mm,-0.00815502218208953,0.005568859636079462,0.9918781398044987,0.9811106947782157,1.0027637548527895,-1.4643971504066773,0.14308546626791366,False,Chikungunya,Sao Paulo,negbin,per_state,1685.0269636474372,108,1.5246598508967695,0.7903538678705981,0.7903538678705981
Intercept,-6.440787202020809,5.608222623953332,0.00159515048055372,2.6852590371891848e-08,94.7582717484954,-1.1484542668672786,0.2507810822313561,False,Chikungunya,Sergipe,negbin,per_state,1406.7545378065063,108,0.7892965691274982,1.3791150271274257,1.3791150271274257
Temp_Avg,-0.08459111672332875,0.2188721343207828,0.9188879255054154,0.598349348977932,1.4111405336730585,-0.3864864615399169,0.6991364273316494,False,Chikungunya,Sergipe,negbin,per_state,1406.7545378065063,108,0.7892965691274982,1.3791150271274257,1.3791150271274257
Rain_mm,-0.019340600005285313,0.0047160495469834775,0.9808452294528854,0.9718206022743622,0.9899536621151788,-4.101017135762732,4.113380950572719e-05,True,Chikungunya,Sergipe,negbin,per_state,1406.7545378065063,108,0.7892965691274982,1.3791150271274257,1.3791150271274257
Intercept,-44.839635329176076,10.474424239619049,3.3604218970973306e-20,4.0774054132292077e-29,2.769514968968446e-11,-4.280868743082997,1.8616514103232973e-05,True,Chikungunya,Tocantins,negbin,per_state,1466.80485539545,108,1.684388344526444,1.2645992880784733,1.2645992880784733
Temp_Avg,1.3613009874261754,0.3890891972593957,3.9012654990077773,1.8197264012374557,8.363824629569885,3.498686154780677,0.00046755657792803675,True,Chikungunya,Tocantins,negbin,per_state,1466.80485539545,108,1.684388344526444,1.2645992880784733,1.2645992880784733
Rain_mm,0.012608951277297895,0.009470409906775683,1.0126887792663581,0.994064632165642,1.0316618562495041,1.331405018517384,0.183055779009891,False,Chikungunya,Tocantins,negbin,per_state,1466.80485539545,108,1.684388344526444,1.2645992880784733,1.2645992880784733
Intercept,-7.876305376420356,5.324100856620596,0.0003796330702216042,1.1153159060059563e-08,12.922013147108443,-1.4793681766238624,0.1390419406043587,False,Zika,Acre,negbin,per_state,1198.2037468597225,120,1.9812193222887595,1.270542741815416,1.270542741815416
Temp_Avg,-0.06971063608279757,0.20671979784241223,0.9326636600731726,0.6219587916190951,1.3985838202506091,-0.33722283405065906,0.7359489253113811,False,Zika,Acre,negbin,per_state,1198.2037468597225,120,1.9812193222887595,1.270542741815416,1.270542741815416
Rain_mm,-0.0008549958238971045,0.003245212987219092,0.9991453695808851,0.99281035675786,1.0055208054184313,-0.26346370092330146,0.7921931979439396,False,Zika,Acre,negbin,per_state,1198.2037468597225,120,1.9812193222887595,1.270542741815416,1.270542741815416
Intercept,-35.241972253222904,8.26562480465567,4.950008207607881e-16,4.557892148474047e-23,5.375858062720657e-09,-4.26367916353675,2.0108812252795966e-05,True,Zika,Alagoas,negbin,per_state,1314.6074822417743,120,4.249450099994826,1.7788061246344435,1.7788061246344435
Temp_Avg,0.9138836941746717,0.30880017436207036,2.493989642232075,1.3615657883072871,4.568258389698248,2.959466250505211,0.003081724550668794,True,Zika,Alagoas,negbin,per_state,1314.6074822417743,120,4.249450099994826,1.7788061246344435,1.7788061246344435
Rain_mm,0.057833761060229624,0.016326974570550035,1.0595388444549465,1.0261694518929712,1.0939933563974504,3.542221543270357,0.00039677208602454956,True,Zika,Alagoas,negbin,per_state,1314.6074822417743,120,4.249450099994826,1.7788061246344435,1.7788061246344435
Intercept,-38.39797378413583,5.311987960820223,2.1084915714113815e-17,6.343317258621308e-22,7.008535952810121e-13,-7.228550604283901,4.881759277834678e-13,True,Zika,Amapa,negbin,per_state,915.5560290180673,116,1.2863259857916065,1.0509634342400325,1.0509634342400325
Temp_Avg,1.0466291938239998,0.19899095978051531,2.848034746593081,1.9282385401014965,4.206586347648958,5.259682123139762,1.4430464239427072e-07,True,Zika,Amapa,negbin,per_state,915.5560290180673,116,1.2863259857916065,1.0509634342400325,1.0509634342400325
Rain_mm,-0.0011389521679149718,0.0036454434221074327,0.9988616961919318,0.9917501966763937,1.0060241898242634,-0.3124317225739696,0.7547124449808607,False,Zika,Amapa,negbin,per_state,915.5560290180673,116,1.2863259857916065,1.0509634342400325,1.0509634342400325
Intercept,-7.9241462855243485,12.715423692308631,0.0003618986761252573,5.4325013000678834e-15,24108719.822962124,-0.6231916825797591,0.5331585667763268,False,Zika,Amazonas,negbin,per_state,1244.6818739529779,120,4.801039722138263,1.8381735382399402,1.8381735382399402
Temp_Avg,-0.13940038403307842,0.4670646591545839,0.8698796727931963,0.3482456644350381,2.172864510363349,-0.29846056921840713,0.7653516666348205,False,Zika,Amazonas,negbin,per_state,1244.6818739529779,120,4.801039722138263,1.8381735382399402,1.8381735382399402
Rain_mm,0.014445660255019269,0.0070564051444456065,1.01455050303788,1.0006152953885012,1.0286797812887438,2.047169905825214,0.04064140514044158,True,Zika,Amazonas,negbin,per_state,1244.6818739529779,120,4.801039722138263,1.8381735382399402,1.8381735382399402
Intercept,-36.700744450624356,11.032942867812498,1.1509837796935568e-16,4.6734611664974885e-26,2.834652121674761e-07,-3.326469183276122,0.0008795374470966089,True,Zika,Bahia,negbin,per_state,1779.6147536162725,120,6.163087812751143,1.8357132196247894,1.8357132196247894
Temp_Avg,1.0562211764712723,0.4292737947380007,2.875484484705359,1.2396691615107003,6.669852956336428,2.4604837039165584,0.013874987300624213,True,Zika,Bahia,negbin,per_state,1779.6147536162725,120,6.163087812751143,1.8357132196247894,1.8357132196247894
Rain_mm,0.008235623251576504,0.018331174894717563,1.0082696292862736,0.9726864694136653,1.0451545048774964,0.44926870748201403,0.6532378286413014,False,Zika,Bahia,negbin,per_state,1779.6147536162725,120,6.163087812751143,1.8357132196247894,1.8357132196247894
Intercept,-26.905235018848906,5.400962991873682,2.0663548171704786e-12,5.221705632149289e-17,8.177064222377766e-08,-4.981562558256864,6.307288701317285e-07,True,Zika,Ceara,negbin,per_state,1501.465179775637,120,1.7775627180502294,1.044659607335476,1.044659607335476
Temp_Avg,0.5966972515854461,0.194538059433603,1.8161107274494914,1.2403612342002903,2.659110977846416,3.067251998517557,0.0021603664513999295,True,Zika,Ceara,negbin,per_state,1501.465179775637,120,1.7775627180502294,1.044659607335476,1.044659607335476
Rain_mm,-0.009679309749810908,0.010862579144600178,0.9903673839929649,0.9695046918350569,1.011679018716846,-0.8910692038200267,0.37289204513087804,False,Zika,Ceara,negbin,per_state,1501.465179775637,120,1.7775627180502294,1.044659607335476,1.044659607335476
Intercept,-5.385495655395621,7.054636785960469,0.004582568384492333,4.529819444925527e-09,4635.931576052902,-0.7633980059913745,0.4452260687635925,False,Zika,Distrito Federal,negbin,per_state,1073.3689656962158,117,2.125757727509021,1.7355466550804672,1.7355466550804672
Temp_Avg,-0.29805785776683835,0.32282483178208177,0.7422583930923462,0.3942403508805837,1.3974914563804133,-0.9232804556002618,0.3558610703348394,False,Zika,Distrito Federal,negbin,per_state,1073.3689656962158,117,2.125757727509021,1.7355466550804672,1.7355466550804672
Rain_mm,0.013590182260807434,0.004576471175202755,1.0136829485483112,1.0046309887950957,1.0228164685722012,2.9695767198195755,0.0029821033765787576,True,Zika,Distrito Federal,negbin,per_state,1073.3689656962158,117,2.125757727509021,1.7355466550804672,1.7355466550804672
Intercept,-20.648092488996802,4.463383123925155,1.0780710160879853e-09,1.7113504523169463e-13,6.791344894644243e-06,-4.626108025169619,3.7260101476651467e-06,True,Zika,Espirito Santo,negbin,per_state,1533.2920086869574,120,1.7784463092017282,1.1527155243196716,1.1527155243196716
Temp_Avg,0.49490221942465845,0.18893369630139012,1.640337838037562,1.1326864206501372,2.3755102681935,2.619449198914641,0.008807188942001132,True,Zika,Espirito Santo,negbin,per_state,1533.2920086869574,120,1.7784463092017282,1.1527155243196716,1.1527155243196716
Rain_mm,-0.019501327291271187,0.004678188598282962,0.9806875935297197,0.9717365241616966,0.989721114921351,-4.168563725376264,3.06525065450097e-05,True,Zika,Espirito Santo,negbin,per_state,1533.2920086869574,120,1.7784463092017282,1.1527155243196716,1.1527155243196716
Intercept,10.313263507450248,6.537520227369729,30129.604556164446,0.08206233494988678,11062237886.17776,1.5775497663889648,0.11466908050076034,False,Zika,Goias,negbin,per_state,1443.6115207125517,120,2.551018533020102,2.1238687677789505,2.1238687677789505
Temp_Avg,-0.8564717881367745,0.26441873630829615,0.424657724716763,0.25290723658544406,0.7130447732391898,-3.2390737513327363,0.0011991856073185916,True,Zika,Goias,negbin,per_state,1443.6115207125517,120,2.551018533020102,2.1238687677789505,2.1238687677789505
Rain_mm,-0.004512873757569505,0.011772216933636675,0.9954972939562531,0.9727906113800644,1.0187339913450686,-0.3833495239690072,0.7014606238496044,False,Zika,Goias,negbin,per_state,1443.6115207125517,120,2.551018533020102,2.1238687677789505,2.1238687677789505
Intercept,-87.7296060190574,6.8415745770462495,7.934438648220502e-39,1.1908316179584187e-44,5.2866682168136265e-33,-12.823013917496954,1.2186952068860676e-37,True,Zika,Maranhao,negbin,per_state,1257.7221659923957,120,1.1857311063987457,0.7392340627099694,0.7392340627099694
Temp_Avg,2.7829109651664194,0.24837796558426575,16.166011216860053,9.935261061624542,26.304283001992157,11.204339155528984,3.882402743696313e-29,True,Zika,Maranhao,negbin,per_state,1257.7221659923957,120,1.1857311063987457,0.7392340627099694,0.7392340627099694
Rain_mm,0.012066582084130136,0.006003191352829334,1.0121396769917568,1.000300372135263,1.0241191088974748,2.0100278959862066,0.044428236473542555,True,Zika,Maranhao,negbin,per_state,1257.7221659923957,120,1.1857311063987457,0.7392340627099694,0.7392340627099694
Intercept,7.393475446387578,11.392945368970226,1625.3451080294062,3.2589275672774165e-07,8106184214465.66,0.6489520669979173,0.5163693588687535,False,Zika,Mato Grosso,negbin,per_state,1538.2972005582928,120,5.599061416610599,2.2845847468556357,2.2845847468556357
Temp_Avg,-0.7219814929977477,0.43985186702318063,0.4857887147135293,0.20513414410374245,1.1504212347198293,-1.6414196394889886,0.10071033584216442,False,Zika,Mato Grosso,negbin,per_state,1538.2972005582928,120,5.599061416610599,2.2845847468556357,2.2845847468556357
Rain_mm,0.04808601931431601,0.017493219765810957,1.0492609081465294,1.013894958493061,1.0858604672428838,2.7488375472362234,0.005980701967369504,True,Zika,Mato Grosso,negbin,per_state,1538.2972005582928,120,5.599061416610599,2.2845847468556357,2.2845847468556357
Intercept,-2.6605875472796114,2.789431963541577,0.06990713592836736,0.0002951950611731699,16.555180951487426,-0.9538098014413015,0.3401799271298157,False,Zika,Mato Grosso do Sul,negbin,per_state,1367.8805588861064,120,1.9155250950653957,1.2479312549252324,1.2479312549252324
Temp_Avg,-0.31767082669508123,0.11539458437346038,0.7278423352531753,0.580512344914884,0.9125636511045588,-2.752909319097495,0.005906825496049402,True,Zika,Mato Grosso do Sul,negbin,per_state,1367.8805588861064,120,1.9155250950653957,1.2479312549252324,1.2479312549252324
Rain_mm,0.007085664084611274,0.007547829787260475,1.0071108267987754,0.9923215487861162,1.0221205200028645,0.9387683989072908,0.3478496669961523,False,Zika,Mato Grosso do Sul,negbin,per_state,1367.8805588861064,120,1.9155250950653957,1.2479312549252324,1.2479312549252324
Intercept,-0.5147277129987071,8.470701690845658,0.5976633084148374,3.6817114680077004e-08,9702048.44484089,-0.060765652219222484,0.9515458453080934,False,Zika,Minas Gerais,negbin,per_state,1538.0339637381462,120,5.84369066433573,1.9530835038869865,1.9530835038869865
Temp_Avg,-0.46511927086184407,0.3733388814826261,0.6280601914418927,0.3021403971024904,1.305550690529544,-1.2458366752874335,0.21282436208171285,False,Zika,Minas Gerais,negbin,per_state,1538.0339637381462,120,5.84369066433573,1.9530835038869865,1.9530835038869865
Rain_mm,-0.010366437492705325,0.009369250105828867,0.989687108832499,0.9716786193726835,1.00802935647754,-1.10643193165012,0.26853961088680656,False,Zika,Minas Gerais,negbin,per_state,1538.0339637381462,120,5.84369066433573,1.9530835038869865,1.9530835038869865
Intercept,-44.9711347871809,7.016591988074878,2.946349872001159e-20,3.137911132240717e-26,2.7664829252326028e-14,-6.409256069557994,1.4623140812412363e-10,True,Zika,Para,negbin,per_state,1337.5510849365733,120,3.27363537573641,1.2194450589444557,1.2194450589444557
Temp_Avg,1.2680240032495564,0.26136189351648076,3.5538232764737185,2.129217820713744,5.93159598681771,4.85160245125634,1.2246791879734288e-06,True,Zika,Para,negbin,per_state,1337.5510849365733,120,3.27363537573641,1.2194450589444557,1.2194450589444557
Rain_mm,-0.003486485687274711,0.008129285725737073,0.996519585046724,0.9807674655307519,1.012524699567084,-0.428879707873547,0.6680107683040376,False,Zika,Para,negbin,per_state,1337.5510849365733,120,3.27363537573641,1.2194450589444557,1.2194450589444557
Intercept,-0.8884926239514821,8.93866476921956,0.4112752321751552,1.012482435638491e-08,16706197.623473864,-0.09939880808720125,0.9208216290872171,False,Zika,Paraiba,negbin,per_state,1367.5781687860576,120,2.1912695949862275,1.594625582199464,1.594625582199464
Temp_Avg,-0.36528830813319463,0.33985443463617127,0.6939965371860829,0.35650643099989826,1.3509747700074772,-1.0748375507421328,0.2824474652545028,False,Zika,Paraiba,negbin,per_state,1367.5781687860576,120,2.1912695949862275,1.594625582199464,1.594625582199464
Rain_mm,-0.0041155327563047305,0.008838618241302857,0.9958929244426916,0.9787889620410278,1.0132957720394107,-0.46563078571182637,0.6414798029415953,False,Zika,Paraiba,negbin,per_state,1367.5781687860576,120,2.1912695949862275,1.594625582199464,1.594625582199464
Intercept,6.4087930815707335,1.9029195932779799,607.1604455415029,14.57154535485761,25298.882009605415,3.367873820948425,0.000757502559438739,True,Zika,Parana,negbin,per_state,1077.9808585779065,120,2.598615711911571,1.0534497218955845,1.0534497218955845
Temp_Avg,-0.920806052282835,0.08839888112441767,0.3981979433298692,0.3348515903200693,0.47352799465750167,-10.41648989863163,2.0850689435543954e-25,True,Zika,Parana,negbin,per_state,1077.9808585779065,120,2.598615711911571,1.0534497218955845,1.0534497218955845
Rain_mm,-0.0004328336093908529,0.005324550405375378,0.9995672600495624,0.9891899012404446,1.010053485291423,-0.08129017033135559,0.9352111910587595,False,Zika,Parana,negbin,per_state,1077.9808585779065,120,2.598615711911571,1.0534497218955845,1.0534497218955845
Intercept,0.15342262862783682,4.769031808090856,1.1658175827264707,0.00010165968797699395,13369.415775717995,0.03217060292354291,0.9743359995082717,False,Zika,Pernambuco,negbin,per_state,1519.1016496817642,120,1.4396609809344143,0.8680344731848744,0.8680344731848744
Temp_Avg,-0.4248215262224263,0.18329081176972437,0.6538864763059107,0.4565433977086731,0.9365320493991621,-2.3177458931009958,0.020463135246584545,True,Zika,Pernambuco,negbin,per_state,1519.1016496817642,120,1.4396609809344143,0.8680344731848744,0.8680344731848744
Rain_mm,-0.0067155934967887895,0.012183190666196188,0.993306905707874,0.9698686323701081,1.0173115987015817,-0.5512179593004366,0.5814842702074544,False,Zika,Pernambuco,negbin,per_state,1519.1016496817642,120,1.4396609809344143,0.8680344731848744,0.8680344731848744
Intercept,-33.14884286888892,7.179412438743284,4.014583178809356e-15,3.107429024411988e-21,5.1865635459296934e-09,-4.617208323344555,3.889367807441267e-06,True,Zika,Piaui,negbin,per_state,900.5408335620574,116,2.128071715134466,1.1190996987363897,1.1190996987363897
Temp_Avg,0.7598442867106951,0.25197664305877,2.1379432883947316,1.3046960037438649,3.503345983490426,3.015534604663624,0.0025652666506239736,True,Zika,Piaui,negbin,per_state,900.5408335620574,116,2.128071715134466,1.1190996987363897,1.1190996987363897
Rain_mm,-0.004960266926156102,0.011712132375567817,0.9950520148824257,0.9724700057493739,1.0181584074241896,-0.4235152717795015,0.6719193586286949,False,Zika,Piaui,negbin,per_state,900.5408335620574,116,2.128071715134466,1.1190996987363897,1.1190996987363897
Intercept,5.153848768645199,4.241082569918986,173.09641798581384,0.04248207450420801,705294.4158024036,1.2152200962085133,0.2242821576823285,False,Zika,Rio Grande do Norte,negbin,per_state,1516.6698156586758,120,2.59582950483995,1.0143564922639294,1.0143564922639294
Temp_Avg,-0.5257500101263748,0.14973905718910624,0.59111185819108,0.4407671435193551,0.7927388282715042,-3.511108056880593,0.00044624296812032096,True,Zika,Rio Grande do Norte,negbin,per_state,1516.6698156586758,120,2.59582950483995,1.0143564922639294,1.0143564922639294
Rain_mm,-0.012098103459391584,0.007856029301416738,0.9879747843633601,0.9728786510242304,1.0033051640204174,-1.539976875749412,0.12356599017740363,False,Zika,Rio Grande do Norte,negbin,per_state,1516.6698156586758,120,2.59582950483995,1.0143564922639294,1.0143564922639294
Intercept,-1.0647895834095347,2.2406227516565895,0.3448003988590313,0.004268852698774726,27.849945510528144,-0.47522037461339245,0.6346299062477687,False,Zika,Rio Grande do Sul,negbin,per_state,953.3841209565354,118,1.6776172762693309,0.8637552644162266,0.8637552644162266
Temp_Avg,-0.6660897866365234,0.12122754146347174,0.5137133845623133,0.4050698458301944,0.6514961412089284,-5.494541740230123,3.917262709972086e-08,True,Zika,Rio Grande do Sul,negbin,per_state,953.3841209565354,118,1.6776172762693309,0.8637552644162266,0.8637552644162266
Rain_mm,0.006370504642755379,0.0030532901694719262,1.0063908394655512,1.0003861304397639,1.0124315911046728,2.086439312729053,0.036938847051676965,True,Zika,Rio Grande do Sul,negbin,per_state,953.3841209565354,118,1.6776172762693309,0.8637552644162266,0.8637552644162266
Intercept,28.888207601045927,8.8093321355133,3515516601848.3857,111515.24817220308,1.1082661053479413e+20,3.279273292987571,0.0010407479392781755,True,Zika,Rio de Janeiro,negbin,per_state,1598.3220866475456,120,4.192673791125827,3.2687697810794987,3.2687697810794987
Temp_Avg,-1.780053672684966,0.3915166164621333,0.16862909624934233,0.0782828882332962,0.36324377834816945,-4.546559706124579,5.452990589534217e-06,True,Zika,Rio de Janeiro,negbin,per_state,1598.3220866475456,120,4.192673791125827,3.2687697810794987,3.2687697810794987
Rain_mm,0.0028802461781740393,0.008754422481552223,1.0028843980723996,0.9858230313421111,1.0202410411610718,0.3290047041073748,0.742152132435205,False,Zika,Rio de Janeiro,negbin,per_state,1598.3220866475456,120,4.192673791125827,3.2687697810794987,3.2687697810794987
Intercept,-23.40011151599864,4.412812369814604,6.877976579939455e-11,1.2055881523270978e-14,3.9239405051286967e-07,-5.302766026506074,1.1406107295440412e-07,True,Zika,Rondonia,negbin,per_state,1293.107079680769,120,1.996270815778002,1.096806356519132,1.096806356519132
Temp_Avg,0.5108952786770086,0.16896676862762322,1.6667827622282958,1.1968826825019605,2.3211671595531143,3.0236435414288074,0.002497505174119402,True,Zika,Rondonia,negbin,per_state,1293.107079680769,120,1.996270815778002,1.096806356519132,1.096806356519132
Rain_mm,0.0012763074291893208,0.0037145173249526716,1.0012771222561359,0.9940138423394406,1.0085934751109547,0.3435998051794207,0.731147271243843,False,Zika,Rondonia,negbin,per_state,1293.107079680769,120,1.996270815778002,1.096806356519132,1.096806356519132
Intercept,-7.4203803067476555,1.6319107082489257,0.0005989213283743505,2.4448900926979223e-05,0.014671692549821988,-4.547050441693516,5.440296311286511e-06,True,Zika,Roraima,negbin,per_state,970.4794503551693,113,1.5744241359471045,0.8479585412494155,0.8479585412494155
Temp_Avg,-0.10234094938120247,0.05873036779646987,0.9027217167830668,0.8045658448146343,1.0128524634792513,-1.7425559079736246,0.08141121757672824,False,Zika,Roraima,negbin,per_state,970.4794503551693,113,1.5744241359471045,0.8479585412494155,0.8479585412494155
Rain_mm,0.0035276658741268518,0.0033054565207928208,1.0035338954104736,0.9970533210991271,1.0100565916851254,1.0672250117150939,0.2858702407132534,False,Zika,Roraima,negbin,per_state,970.4794503551693,113,1.5744241359471045,0.8479585412494155,0.8479585412494155
Intercept,-9.122638659752283,1.9131061016779665,0.00010916624438950672,2.568145232455782e-06,0.00464041860386286,-4.768495930126879,1.8560642201677533e-06,True,Zika,Santa Catarina,negbin,per_state,944.1164506107973,120,1.5959561681065728,0.6599949282581566,0.6599949282581566
Temp_Avg,-0.22610473059869407,0.10299746967418973,0.7976345605460299,0.6518246003208464,0.9760614924080684,-2.1952454882040073,0.028145992870506616,True,Zika,Santa Catarina,negbin,per_state,944.1164506107973,120,1.5959561681065728,0.6599949282581566,0.6599949282581566
Rain_mm,0.007039504639734842,0.002744003261110312,1.0070643401949875,1.0016626389018768,1.0124951714323795,2.5654140938908476,0.010305273629341796,True,Zika,Santa Catarina,negbin,per_state,944.1164506107973,120,1.5959561681065728,0.6599949282581566,0.6599949282581566
Intercept,-13.176250509528568,2.862983443276436,1.8950780943721139e-06,6.927976495662946e-09,0.0005183794988359557,-4.602279674537515,4.178915340392447e-06,True,Zika,Sao Paulo,negbin,per_state,1513.0682654135976,120,2.8737771287155636,0.8871119310631357,0.8871119310631357
Temp_Avg,-0.0074131298575896695,0.12618053194729392,0.9926142796177329,0.7751281003804824,1.2711229377665327,-0.058750187078670434,0.9531510848327094,False,Zika,Sao Paulo,negbin,per_state,1513.0682654135976,120,2.8737771287155636,0.8871119310631357,0.8871119310631357
Rain_mm,0.02721992808474903,0.006578432176358261,1.0275937746445547,1.01442931284876,1.0409290744200663,4.137753092989651,3.507234861917629e-05,True,Zika,Sao Paulo,negbin,per_state,1513.0682654135976,120,2.8737771287155636,0.8871119310631357,0.8871119310631357
Intercept,-14.83621254250873,5.519399167888052,3.60341896924884e-07,7.219503652563282e-12,0.017985486112098836,-2.688012243946051,0.00718787609879835,True,Zika,Sergipe,negbin,per_state,1158.9695485095588,117,0.9960728042471733,1.3153613674642415,1.3153613674642415
Temp_Avg,0.17651148050450527,0.2160586437054446,1.1930481234753314,0.7811692360290792,1.822094060134013,0.8169609763224541,0.4139507294291941,False,Zika,Sergipe,negbin,per_state,1158.9695485095588,117,0.9960728042471733,1.3153613674642415,1.3153613674642415
Rain_mm,-0.015481772519761764,0.004950646667951996,0.9846374540479009,0.9751294573891675,0.9942381583976774,-3.1272222717858247,0.001764664585775808,True,Zika,Sergipe,negbin,per_state,1158.9695485095588,117,0.9960728042471733,1.3153613674642415,1.3153613674642415
Intercept,-34.0244115343623,9.040163204074224,1.6725758454605e-15,3.3747651088181625e-23,8.289495323713328e-08,-3.7636943898344852,0.00016742147149190624,True,Zika,Tocantins,negbin,per_state,1488.3775787642355,120,1.5632778526216704,1.1386562599793089,1.1386562599793089
Temp_Avg,0.9430657215239576,0.3345437610189164,2.567841650950244,1.332903905801321,4.9469513260903675,2.818960720270712,0.004817941355317,True,Zika,Tocantins,negbin,per_state,1488.3775787642355,120,1.5632778526216704,1.1386562599793089,1.1386562599793089
Rain_mm,0.0011407834533154232,0.007728570473151659,1.001141434394263,0.9860904299161507,1.0164221670280573,0.1476060103583709,0.8826537114847364,False,Zika,Tocantins,negbin,per_state,1488.3775787642355,120,1.5632778526216704,1.1386562599793089,1.1386562599793089
