Virus,Location_Name,Temp_Avg_IRR,Temp_Avg_CIl,Temp_Avg_CIu,Temp_Avg_p,Temp_Avg_Sig,AIC_lag0,dispersion_lag0,alpha_lag0,overdispersion_lag0,Rain_mm_IRR,Rain_mm_CIl,Rain_mm_CIu,Rain_mm_p,Rain_mm_Sig,Temp_BestLag,Temp_IRR,Temp_CIl,Temp_CIu,Temp_p,Temp_Sig,Rain_BestLag,Rain_IRR,Rain_CIl,Rain_CIu,Rain_p,Rain_Sig,AIC_lagged,dispersion_lagged,alpha_lagged,overdispersion_lagged,Region
Chikungunya,Distrito Federal,1.100466845935134,0.7544833060442999,1.6051081174370163,0.6191074682373054,False,1118.6261816956023,1.3891958955000452,0.7631192490840114,0.7631192490840114,1.005771415079404,0.9995228207230972,1.0120590730074672,0.0703126344639714,False,2,1.529646598004629,0.949972964107309,2.463037163363766,0.080319689556356,False,0,1.004643771937305,0.9978210673898984,1.0115131274313216,0.182665758197478,False,1123.263709871539,1.4396694247898447,0.7440598979572742,0.7440598979572742,Centro-Oeste
Chikungunya,Goias,2.0158339644601524,1.240937301497184,3.2746107054469555,0.0046247553916816,True,1400.6112737780138,1.5709208991835897,1.7128196203341413,1.7128196203341413,0.9926760378552052,0.97240130774882,1.013373499479546,0.4850554125460444,False,2,3.02796449545924,1.0854515393177353,8.446778740140413,0.0342890741180404,True,1,0.986545428473781,0.9596695250493192,1.0141740016100833,0.3364288683825522,False,1402.2671072096325,1.580840031111534,1.642091143863721,1.642091143863721,Centro-Oeste
Chikungunya,Mato Grosso,1.6243528889252092,0.7995238121081065,3.300117229532757,0.1798065032547091,False,1586.1344838175603,2.225757835860034,2.8416147171468,2.8416147171468,1.018816899588333,0.9875386731726188,1.0510857985460855,0.2412807351398743,False,2,2.516129754530169,0.5694014816462925,11.118532609588035,0.2235517041214288,False,2,1.0402273226732182,1.00297022571608,1.0788684001694422,0.0340586528347199,True,1580.9385686713065,2.412485036080238,2.62576127047968,2.62576127047968,Centro-Oeste
Chikungunya,Mato Grosso do Sul,1.5277339410243904,1.046150462827642,2.2310089011951693,0.0282693497218161,True,1600.769181840321,1.523594872194158,2.4341410394240204,2.4341410394240204,1.0179278813378203,0.9939274426125662,1.0425078604141198,0.1443871612268599,False,0,1.393283467201602,0.663592247327268,2.9253488536009757,0.3808202316584846,False,1,1.0179993097066942,0.987902605442232,1.049012917725223,0.2439813595857574,False,1605.0004249894132,1.563217271332781,2.378568515600328,2.378568515600328,Centro-Oeste
Chikungunya,Alagoas,0.2304921435154057,0.1466940380997323,0.3621594231812435,1.9462255620960803e-10,True,1296.126521773288,1.5557173458167408,1.160190706665758,1.160190706665758,0.977806254489616,0.9554023097337524,1.0007355661359616,0.0577192728210893,False,0,0.4733849346438747,0.174617529705971,1.2833379141551482,0.141634540485524,False,0,0.9896085889410632,0.9622379416345832,1.0177577883099391,0.4654146714347689,False,1299.7065482983876,1.7176342837584264,1.1268266527596702,1.1268266527596702,Nordeste
Chikungunya,Bahia,0.6833642069157265,0.4215041490517549,1.1079052017497943,0.1225044784798016,False,1807.6524757615464,1.4285809002936356,0.9659286449227152,0.9659286449227152,1.02339081993031,0.9994464414319466,1.0479088492396682,0.0555997468876328,False,0,0.4694363453782353,0.1799903970838218,1.2243457758440688,0.1220654032075772,False,1,1.0309844914611574,0.9956008400400088,1.067625677767314,0.0867936280345095,False,1811.6518640768545,1.35269818024912,0.9384102525607404,0.9384102525607404,Nordeste
Chikungunya,Ceara,1.188534909504276,0.5733025259647968,2.4639961750265824,0.6424034438562611,False,1860.6682998127148,3.5875801598535557,2.0636988634363864,2.0636988634363864,1.0063839780565895,0.9715614631821858,1.0424545946601484,0.72319168407393,False,1,1.6726447954373536,0.2233492722817222,12.526302786313668,0.6165423350447696,False,2,1.0299691165696363,0.9881803032037642,1.0735251225387872,0.1623101503608452,False,1864.7547802515844,3.494417346726064,2.013507453644752,2.013507453644752,Nordeste
Chikungunya,Maranhao,14.506145211717902,6.568115729335604,32.0378412279791,3.6903313264317076e-11,True,1329.1262990362395,1.6681010313752151,1.1298918140774,1.1298918140774,1.0162948743640712,1.000602820419693,1.0322330205160346,0.0417597536117128,True,0,5.9959880946614,1.8203455224381515,19.75002700760221,0.0032303495977823,True,2,1.014080149418466,0.9995099645405592,1.0288627286645204,0.0582758971903595,False,1325.9102655702973,1.4548326711671764,1.0429147627909408,1.0429147627909408,Nordeste
Chikungunya,Paraiba,2.0676771229951587,1.0402412590850751,4.109901090366081,0.0382130396986225,True,1549.8490122280505,2.039685428879176,1.0032491297340829,1.0032491297340829,1.0405077067543471,1.0208553658547437,1.0605383720628263,4.471017091950526e-05,True,0,4.290760322910463,1.2194917409048152,15.096965015115838,0.0232586712950633,True,1,1.0325339068758852,1.0123919891074633,1.0530765556415442,0.001445895225553,True,1528.4810162218714,1.3317765359504308,0.8089485886993206,0.8089485886993206,Nordeste
Chikungunya,Pernambuco,0.8229175871359754,0.5901260515037545,1.1475401797498634,0.2506339774497508,False,1750.4860610800051,2.35271377477907,0.8473397449787793,0.8473397449787793,1.001329013199228,0.9790945006638864,1.0240684550824,0.9077115491665618,False,0,1.6175185179006888,0.7283070118174464,3.592394571655512,0.2375030169352542,False,2,1.0304327922953598,1.0067582722523725,1.0546640327693713,0.0114722460097437,True,1744.487524591466,1.844494379259527,0.7633281751185543,0.7633281751185543,Nordeste
Chikungunya,Piaui,0.9484507258262332,0.4090883910136583,2.198934995665215,0.9018214529588554,False,1404.7083206061254,2.5207952462030265,1.9189219235906905,1.9189219235906905,0.9849067212323752,0.952678995756664,1.018224663133518,0.3702625284585595,False,1,0.6445713722938272,0.2042726814873957,2.0339100214258634,0.4538181573322206,False,2,0.9730930942331768,0.9412692475125484,1.0059928894380188,0.1078801160047811,False,1405.6827673147914,2.085096533613575,1.8342023612379208,1.8342023612379208,Nordeste
Chikungunya,Rio Grande do Norte,0.7501285675646554,0.5841217132963457,0.9633144173004362,0.0242676695264048,True,1614.5258975615377,1.6389936705134724,0.8881467533038179,0.8881467533038179,0.9863481667122704,0.9684403237277134,1.004587151257647,0.1414467032239464,False,1,0.6991715231926604,0.3123016812009017,1.5652839810653358,0.3841322683868133,False,1,0.9933386593712634,0.9671136418490692,1.0202748151860832,0.6244078665076028,False,1619.9925867190154,1.5634846936529927,0.8716195233990943,0.8716195233990943,Nordeste
Chikungunya,Sergipe,0.9188879255054154,0.598349348977932,1.4111405336730585,0.6991364273316494,False,1406.7545378065065,0.7892965691274982,1.3791150271274255,1.3791150271274255,0.9808452294528854,0.9718206022743622,0.9899536621151788,4.113380950572719e-05,True,2,1.531667308040203,0.6941637805061954,3.379612720226309,0.2910048039169134,False,2,0.9864683053568872,0.9736711345488482,0.9994336721552142,0.0408516757389374,True,1403.9083238262874,0.8119913376823464,1.2792834224320877,1.2792834224320877,Nordeste
Chikungunya,Acre,0.7391717166089776,0.540767207658972,1.010369746715905,0.0580520830112073,False,1039.1658417776837,1.629549669978579,0.7945787943872749,0.7945787943872749,1.0024829700673812,0.9967991752509529,1.0081991741436858,0.3926303177938556,False,2,1.6275869164065773,1.0303723248643717,2.570953340392333,0.0367732162734341,True,1,0.9971437888670992,0.9917530926541832,1.0025637863303722,0.3010436172913925,False,1038.373675624773,1.4068367253911789,0.7404965537787255,0.7404965537787255,Norte
Chikungunya,Amapa,1.671749436034261,1.1025665065752777,2.534764261578862,0.0155297510631916,True,920.839424117851,1.014732337808088,0.8732268607045202,0.8732268607045202,1.004727006361723,0.997344363758194,1.0121642975037028,0.2100980974291965,False,2,1.6153431727923298,0.7216038058230201,3.616019683974274,0.2434542787113932,False,2,1.0037841005213792,0.997037960923143,1.0105758857231557,0.2722955882006,False,923.3804077404192,1.0980230842903544,0.8342742536537682,0.8342742536537682,Norte
Chikungunya,Amazonas,1.158404582329194,0.8246470986322497,1.6272429486345572,0.3964078019168654,False,953.1147166401286,1.2539668487491122,0.4741401198371817,0.4741401198371817,1.0040605059535943,0.9966804237544722,1.011495235170926,0.2816597795010488,False,1,1.1961152880006611,0.5764224670921375,2.4820194629232204,0.6306449575301512,False,2,1.0067814043193353,0.9986146776019728,1.015014918984814,0.1038648554966796,False,955.8786558361484,1.2034248151403046,0.4525035668807602,0.4525035668807602,Norte
Chikungunya,Para,1.5060760293115012,0.9305451487450412,2.437565774348233,0.0955196647671105,False,1526.099069150871,1.2673512497212296,0.867799580985209,0.867799580985209,1.028117188910876,1.0137910380802455,1.042645786389694,0.0001074454936633,True,2,1.7779305888727686,0.8990952707899189,3.5157978042441203,0.0980804643684649,False,0,1.0233530092219447,1.00759405662082,1.0393584346813127,0.0035514935507024,True,1528.0816426238275,1.2588528352664832,0.8299486513775952,0.8299486513775952,Norte
Chikungunya,Rondonia,1.4688793238328617,0.9766402798329876,2.209213067018545,0.0648213397189154,False,1299.471327091346,3.88272667324173,1.3736075000153665,1.3736075000153665,0.9875309698284452,0.9792324987409144,0.9958997660149485,0.0035650435636631,True,2,1.6073591457257803,1.1162195456391304,2.31460148986101,0.0107421041832997,True,0,0.9861191062883532,0.9774447266546944,0.9948704671159114,0.0019297393504141,True,1287.5217815415622,2.5627475427433195,1.1971832387861407,1.1971832387861407,Norte
Chikungunya,Roraima,0.5981048180941468,0.5273275884526253,0.6783816763259876,1.2549472922835254e-15,True,1147.4232590288425,2.1544413546855785,1.194084012771923,1.194084012771923,0.996284614355449,0.98903256578208,1.003589838335099,0.3179732172242636,False,0,0.6407665423846926,0.4735638569883535,0.8670040075497814,0.0039135257865515,True,1,0.9951191687880956,0.9863302936519666,1.003986358791623,0.2796937376777733,False,1133.1230718829906,2.113651791441729,1.1395815920761136,1.1395815920761136,Norte
Chikungunya,Tocantins,3.901265499007777,1.819726401237456,8.363824629569885,0.000467556577928,True,1466.80485539545,1.684388344526444,1.264599288078473,1.264599288078473,1.012688779266358,0.994064632165642,1.031661856249504,0.183055779009891,False,0,2.808474311034369,0.9146140139316552,8.623887055736029,0.0712202153455786,False,2,1.0161100770373337,0.999155546427048,1.0333523067043302,0.0626603393129819,False,1468.498957325655,1.6936712095816897,1.2104742979763226,1.2104742979763226,Norte
Chikungunya,Espirito Santo,2.631812312149325,1.9795849812477,3.498933418870028,2.7404243063428785e-11,True,1595.767077917499,1.2139547196347789,0.788697424944292,0.788697424944292,0.9944191956424556,0.9860299722874014,1.0028797951934465,0.195415762252576,False,2,1.6990440042723254,0.9790158611181956,2.948624882498429,0.0594840033606011,False,0,0.9910192415219162,0.9814974562648416,1.0006334003189357,0.0670331260569541,False,1589.6246458789935,1.345039128675268,0.7087698433978717,0.7087698433978717,Sudeste
Chikungunya,Minas Gerais,4.057349172710487,2.339424362870808,7.036808956325114,6.186112343950576e-07,True,1934.8310154676203,1.6627458059886775,1.7735044887478346,1.7735044887478346,0.9940530673165888,0.9685995425074124,1.0201754773531255,0.6522078280534404,False,0,2.335654076566035,0.6849474822873745,7.96452298380847,0.175296329508122,False,0,0.9830490101378988,0.950228596423957,1.017003024293259,0.3237322640056456,False,1939.5777535923492,1.7607867715772914,1.7367322180751992,1.7367322180751992,Sudeste
Chikungunya,Rio de Janeiro,1.0917860864108444,0.722488330065542,1.6498492901223378,0.6767652706809382,False,1747.8100792479909,2.170157002508872,1.7561677975971086,1.7561677975971086,1.0268855300799524,1.0151059731824428,1.0388017800561824,6.573929936524964e-06,True,2,1.4679987104622745,0.744760227559552,2.893575857266872,0.2675036415903582,False,0,1.0205064869722955,1.0092443352902318,1.0318943129396383,0.0003367612820362,True,1736.029380871422,1.430159642120072,1.5426947588819788,1.5426947588819788,Sudeste
Chikungunya,Sao Paulo,2.0499701645943067,1.6431525317101765,2.557509174971733,2.014512553500062e-10,True,1685.0269636474372,1.5246598508967697,0.7903538678705981,0.7903538678705981,0.9918781398044988,0.9811106947782156,1.0027637548527897,0.1430854662679136,False,2,1.5595655936264938,1.0253837516703754,2.3720337257747364,0.0377865144182641,True,0,0.9883104859857622,0.97611452419511,1.0006588289574254,0.0634479687372999,False,1678.8395323787838,1.2864641836438204,0.7100521553826863,0.7100521553826863,Sudeste
Chikungunya,Parana,1.8105124262315848,1.399848587059709,2.3416498583065404,6.102245039528534e-06,True,1326.0611475576743,2.00989057387462,1.4131597137210177,1.4131597137210177,1.0013077684625291,0.9899790098411662,1.0127661669758747,0.821883570469473,False,1,1.3908865672482351,0.7678361878782415,2.519502822988007,0.2763854266098204,False,1,1.0078648248013669,0.9945508884987028,1.021356993210524,0.2482295526477671,False,1323.9535609712989,2.104709740258764,1.3187571263327575,1.3187571263327575,Sul
Chikungunya,Rio Grande do Sul,1.2907017386478028,1.0402171193290173,1.6015031354444944,0.0204390256967974,True,1077.7655352740196,1.807482756696596,0.944121678494886,0.944121678494886,1.0027774538554133,0.9964816067118232,1.0091130786436564,0.388057518113075,False,0,1.18546296441249,0.8176573907146669,1.718717956875969,0.3693239293588148,False,1,1.0050880304957317,0.9979456534430664,1.0122815261136082,0.1630713493119019,False,1083.0755809348927,1.9002405401269995,0.9252920188764148,0.9252920188764148,Sul
Chikungunya,Santa Catarina,1.4357781501423106,1.183818028764294,1.7413646745842264,0.0002387692910072,True,1148.0660020062826,1.855322368873746,0.6807617329018915,0.6807617329018915,0.9994408653241208,0.9945326293913944,1.0043733244741249,0.8237942235257316,False,0,1.3083661707601677,0.9517005494121472,1.7986981701828308,0.0978944652522267,False,2,0.9950086809924092,0.9891906066832948,1.0008609751863848,0.0944514387308302,False,1152.5457287205777,1.877617597507634,0.662171732628988,0.662171732628988,Sul
Dengue,Distrito Federal,2.392262639054261,1.414769721140016,4.045125117325348,0.0011352428616123,True,2192.2403615241747,2.2432216459824943,1.7169444353172962,1.7169444353172962,1.0160915054473008,1.007453638087846,1.0248034335373923,0.0002474896617039,True,2,2.799746708095046,1.3093479251900315,5.986630045907315,0.0079284428671635,True,0,1.0091691853585487,0.999625768021492,1.0188037136066914,0.0597289079981387,False,2187.588727606313,2.0912000955268377,1.5936814827775447,1.5936814827775447,Centro-Oeste
Dengue,Goias,1.0309057593459483,0.7400751532965111,1.4360253548829098,0.857155799243353,False,2463.420027474076,1.7871622424033402,0.8793894877951522,0.8793894877951522,1.0054418611084186,0.991684632972653,1.0193899375438216,0.4400670719580511,False,2,2.2286870270985784,1.1992254580462502,4.141878269370376,0.0112584072139451,True,2,1.0056634315088306,0.9890345586703556,1.022571889534147,0.5067734645935346,False,2463.2267981199766,1.7272206617115262,0.8328935497312783,0.8328935497312783,Centro-Oeste
Dengue,Mato Grosso,1.2752034106354884,0.9520116495780584,1.7081132769930978,0.1030546991156214,False,2068.062860828467,1.3170948248096657,0.8925521138226626,0.8925521138226626,0.9826792390557232,0.97039537256011,0.9951186023522782,0.0064800162355028,True,2,1.2194762103988972,0.7434385374269366,2.000329755403629,0.4319598506369023,False,0,0.9860247200946384,0.9693858470099966,1.0029491885367747,0.105049935461555,False,2072.621287571585,1.3570483526726644,0.872480879773593,0.872480879773593,Centro-Oeste
Dengue,Mato Grosso do Sul,0.9639555412830249,0.7113271961281482,1.30630501775845,0.8128495109262917,False,2074.515651452773,1.4751902385196882,1.8426311302268004,1.8426311302268004,1.0044149506092197,0.989064389458946,1.0200037568425628,0.5750519480121487,False,2,1.3766173479643384,0.8535160064168271,2.2203160906989257,0.1900070538532768,False,2,1.0134996261433606,0.9957390524643404,1.0315769876159573,0.1371187990018793,False,2075.07096246329,1.33517339400496,1.7652980278319268,1.7652980278319268,Centro-Oeste
Dengue,Alagoas,1.088350978250982,0.7359058170102386,1.6095916413219349,0.6715238923553261,False,1874.8594235924,1.2787457588152729,1.02297037503048,1.02297037503048,1.0410787765386988,1.0187508728537789,1.0638960395912986,0.0002731939502799,True,1,1.4304652345232909,0.5242728450938309,3.902988312914724,0.4845126330309902,False,1,1.0275194329436703,1.0058413664288604,1.049664708884843,0.0125826471486779,True,1870.764988333756,1.3922347584988852,0.9456554034652176,0.9456554034652176,Nordeste
Dengue,Bahia,2.3714557880407843,1.440072754759006,3.905221132784553,0.0006912949134933,True,2274.507559883415,2.2515982636522067,1.265216626803357,1.265216626803357,1.0423236347919682,1.014389516368249,1.0710269991113903,0.0027823935725828,True,2,1.531416847240817,0.5310970721151452,4.41583598017754,0.4302306989922262,False,0,1.0316820411778689,0.9965755875655878,1.0680251928395588,0.0774294357399176,False,2277.302456838627,2.387187480024488,1.225201695911142,1.225201695911142,Nordeste
Dengue,Ceara,0.7448887254406107,0.5352377279284891,1.0366593839264446,0.0807240267561313,False,2071.964478190322,1.4804440921690298,1.1024125713719073,1.1024125713719073,0.9780254298905444,0.9568824259395248,0.9996356036880932,0.0462958931211755,True,0,0.6321572399326411,0.2526095273812718,1.5819782418423631,0.3271172325920884,False,0,0.9775404710102352,0.9542885780470034,1.001358912226072,0.0643948160306122,False,2078.978344610968,1.559710373369745,1.095508364859337,1.095508364859337,Nordeste
Dengue,Maranhao,7.368343795032963,4.534773364428786,11.972481515322563,7.372747613091503e-16,True,1718.6429364036358,1.1465289830384722,0.8800710412535883,0.8800710412535883,1.0163376376526525,1.0037065344801648,1.029127696418108,0.0110904779560847,True,0,4.663847449679574,1.7427702354810155,12.48097574255342,0.0021692462105577,True,0,1.0118861417256504,0.9989658220116648,1.0249735689200257,0.0715162246831267,False,1718.3311268241837,1.1379563071467684,0.8327379252004699,0.8327379252004699,Nordeste
Dengue,Paraiba,0.3897323597767438,0.2322983203128002,0.6538631534340014,0.0003579168428816,True,1947.1483310457436,1.330497702034744,0.8122741019161447,0.8122741019161447,0.9912212336808538,0.9780080247987544,1.0046129573445657,0.1978095008554842,False,1,0.6822666665646726,0.1727168949356854,2.6950913196917057,0.5854165795995288,False,2,0.996590703606438,0.9777730316673374,1.0157705299164803,0.7254833055886144,False,1953.5659645036249,1.3564279569705553,0.8036912581480661,0.8036912581480661,Nordeste
Dengue,Pernambuco,1.304913501331032,0.8737605403537293,1.9488168294561112,0.1934158929085271,False,2067.9522733390245,2.187245302862052,0.7750562999863508,0.7750562999863508,0.9889439328867156,0.9665127824614276,1.011895672918817,0.3422315422557453,False,2,2.124745053416442,0.8031588736551729,5.620981962724232,0.1289200112241661,False,0,0.9812862783720864,0.9564224600240367,1.006796473701736,0.1491024485700568,False,2073.031269905229,2.134504337520574,0.7598664860099428,0.7598664860099428,Nordeste
Dengue,Piaui,0.7125464916774824,0.4034812706907318,1.2583545747556089,0.2428035002718535,False,1828.748619702636,2.057722403051227,1.2975606602490586,1.2975606602490586,0.9979283258945664,0.9750938074766374,1.0212975777169957,0.8606101217255642,False,0,0.7747470652260751,0.2649791907302986,2.2652081222760843,0.6410393537269135,False,2,0.991779471334376,0.9652443142809888,1.019044096098093,0.550791341866073,False,1836.2058276023797,2.043188129118645,1.293236451922497,1.293236451922497,Nordeste
Dengue,Rio Grande do Norte,0.3953420027588694,0.3043036512483487,0.5136162464834771,3.662960685769508e-12,True,2003.8088985180525,2.434579209358662,0.9652109703211558,0.9652109703211558,0.9905232762078574,0.9754363223428996,1.005843578136353,0.2240049307220153,False,2,0.4690736794317617,0.2566156159883205,0.85743073697302,0.0139009631141733,True,1,0.9833088603284684,0.966286338262172,1.000631258576414,0.0588688039180912,False,1999.0859148693664,2.2622902482638336,0.8879099234676239,0.8879099234676239,Nordeste
Dengue,Sergipe,0.75618703353367,0.4999399450332661,1.143775038112633,0.1855976100582667,False,1516.3039229965932,1.5430622819557276,1.2140041391087717,1.2140041391087717,1.0021655253917874,0.9926877409025812,1.0117337999667702,0.6554595839802553,False,1,0.7375540227637921,0.2666842389455589,2.039812846255612,0.5575236832761794,False,2,0.989194347138974,0.9778900848335804,1.0006292850164502,0.0639222923015945,False,1519.6818229837525,1.5183661687170205,1.1795217111582774,1.1795217111582774,Nordeste
Dengue,Acre,0.8126924348512788,0.5441931769928207,1.2136664360883993,0.3107661606431685,False,1773.108654297616,1.665400663806529,1.0291969824127298,1.0291969824127298,0.9979316443835068,0.991684376463466,1.0042182679265572,0.5181386939861711,False,2,1.3139562558108786,0.7937631013844938,2.1750583255548013,0.2883240519321026,False,1,0.9966017635655936,0.99030481702845,1.00293874983092,0.2925229629211225,False,1777.519190325806,1.7296596755372946,1.0055746862578545,1.0055746862578545,Norte
Dengue,Amapa,6.256001916321936,4.138937124223418,9.455944558318714,3.336511833726131e-18,True,1364.3803384351222,1.160466291460308,1.2526192070102808,1.2526192070102808,1.0114953834955964,1.0026948406821852,1.0203731677095502,0.0103587181020485,True,2,2.9372203634437213,1.2227248503341686,7.055768483866711,0.0159650674010035,True,0,1.006036706332441,0.9967979643951096,1.0153610768079848,0.2010244238724482,False,1359.156163887128,1.0820453213086147,1.1505809911130496,1.1505809911130496,Norte
Dengue,Amazonas,1.4955073502328562,1.0588198409601022,2.1122972465008565,0.0223471986885882,True,1695.9258473521547,1.3289067501191458,0.5005633285361998,0.5005633285361998,1.0024983373803014,0.996403092545158,1.0086308683397838,0.4225959772034697,False,0,1.885711818965352,1.1013337156221392,3.2287298697442472,0.0207896577001997,True,1,1.005445930696858,0.9981007233602144,1.0128451927692166,0.1465526173572719,False,1696.26075871813,1.3300582362183735,0.4734648683769145,0.4734648683769145,Norte
Dengue,Para,2.128549312649089,1.5162668674742912,2.988077015707612,1.269477717193061e-05,True,1801.81078713258,1.3790641258011307,0.6958829249105671,0.6958829249105671,1.0005214077775315,0.9878621352090808,1.013342906608384,0.9360485807919992,False,2,1.7763617107514609,1.0844087211132754,2.9098446609544037,0.0224999974003359,True,2,0.989831311229924,0.9760998010173176,1.0037559926454367,0.1515700728516885,False,1800.4026529780858,1.2360915016556175,0.6520275648531145,0.6520275648531145,Norte
Dengue,Rondonia,1.3580295060002208,1.0037048769154135,1.8374366624928,0.0472587680937762,True,1682.2202611808211,1.5184735667236442,1.370305757432617,1.370305757432617,0.9962469073111242,0.9865956646535082,1.005992561983888,0.4490109025496757,False,0,1.364329655773301,0.9306995175715445,1.9999961045208183,0.1113914468960235,False,0,0.9967341782407956,0.9867514021588268,1.0068179481679056,0.5241599024380245,False,1689.561070310065,1.5333295335938957,1.364728408570024,1.364728408570024,Norte
Dengue,Roraima,1.1732488934630545,1.0358388443492557,1.3288871850302613,0.0119355238625128,True,1058.185326788967,1.7837919289488726,1.107972831219422,1.107972831219422,1.013823319304852,1.0079543743056207,1.0197264369970962,3.5737473123395216e-06,True,2,1.2207577122782658,1.0442549983137646,1.427093377090156,0.0122976245152381,True,2,1.0118085657601388,1.0054147973545189,1.0182429942739375,0.0002837833225732,True,1023.6355129652616,1.3162243640124989,0.852267499377361,0.852267499377361,Norte
Dengue,Tocantins,2.970083303971361,1.4568477481485822,6.055124733342934,0.0027412537546635,True,1769.6829347879952,1.5791376958759238,1.2375886300088683,1.2375886300088683,1.01049629520328,0.993717363749532,1.0275585391470785,0.2216106520082361,False,0,2.550706284475243,0.8570667671316688,7.591126851686671,0.0924124495711585,False,0,1.0089794600851243,0.9909483071795454,1.0273387052562124,0.3312214897614481,False,1777.3428768364256,1.6496848224212524,1.2349608609928322,1.2349608609928322,Norte
Dengue,Espirito Santo,2.389047108647825,1.6889889791870418,3.379267809127882,8.543893261315277e-07,True,2201.701943762085,1.4585170727103118,1.1583432397401243,1.1583432397401243,0.9899400009397288,0.9803621330669312,0.999611441942184,0.0415151601322106,True,2,1.84364645127936,1.0235403813883683,3.320857974068792,0.041600399721475,True,0,0.9905184460957872,0.9793107506879252,1.0018544076707137,0.100819652026704,False,2195.2144194288257,1.634912508302996,1.056556843198713,1.056556843198713,Sudeste
Dengue,Minas Gerais,6.139420588592781,3.403170785683698,11.075696030948532,1.6562876152087524e-09,True,2581.176288196113,1.6931328129946566,2.059889419959808,2.059889419959808,1.0134660159420197,0.9907960290194436,1.0366547052937711,0.2465011749093137,False,2,4.806555385633317,1.7961333079657622,12.862616918632984,0.0017713958166281,True,2,0.9790519435089968,0.950244441230914,1.0087327707458942,0.1647183384472774,False,2568.3353984618843,1.594972581661239,1.828731552891196,1.828731552891196,Sudeste
Dengue,Rio de Janeiro,4.118954275192413,2.8750802852217827,5.900977586028393,1.1866207568712826e-14,True,2150.3175699672274,2.197567348759852,1.5350181547232011,1.5350181547232011,1.0055133802776226,0.9957505116828812,1.0153719692381382,0.2693682542107235,False,2,2.842297534085359,1.6247716603572329,4.972178841728127,0.0002511566356106,True,0,1.004824074034779,0.995316963573466,1.01442199491391,0.3210953012824118,False,2128.0747870711066,2.4549513707274064,1.27732177152867,1.27732177152867,Sudeste
Dengue,Sao Paulo,1.937686189400256,1.4154661629029084,2.6525733125914552,3.6496979011305216e-05,True,2680.004314162059,1.4646468174000231,2.2296377243199794,2.2296377243199794,1.0073839779327998,0.9892159517882884,1.0258856796244862,0.428186166125082,False,2,2.2001899939742464,1.1898684752531965,4.068379077405421,0.0119267218914782,True,2,0.9979270954646282,0.9761082307742563,1.020233675391249,0.8540323476255647,False,2677.0047966874818,1.4647436387439836,2.096163468190116,2.096163468190116,Sudeste
Dengue,Parana,1.4526125388935078,1.1112078622466188,1.8989095198485344,0.0063061023583112,True,2363.0945671339605,1.581687708221327,2.748615412774268,2.748615412774268,0.9990422046104502,0.983139698296218,1.01520193755027,0.906819560597889,False,2,2.1687353463720527,1.2265519230988922,3.834662776216029,0.0077617332825573,True,2,1.0062398776511945,0.9899401273144016,1.0228080097352372,0.4553343218841225,False,2354.2364477549936,1.396170709228703,2.509064384206239,2.509064384206239,Sul
Dengue,Rio Grande do Sul,2.105430120143307,1.2085775664266494,3.667812570700812,0.0085652324726445,True,1878.1659820933687,2.3361036827617734,4.049547944801819,4.049547944801819,1.0157372440404222,1.0002137540465483,1.0315016612767132,0.0469001884270399,True,1,1.515656915716395,0.5716715407353935,4.018419183861797,0.4031948233586964,False,1,1.0177643729373618,1.0022867483258835,1.033481007856034,0.0243131336784967,True,1874.241877550863,2.0925418902302133,3.811500464045186,3.811500464045186,Sul
Dengue,Santa Catarina,3.2824188213911776,2.1407115245206376,5.033033734629749,5.033190280016158e-08,True,1950.923303860186,2.0977043794374715,3.5218642857728915,3.5218642857728915,1.015258106973378,1.0006828048773972,1.0300457035448445,0.0401193290758379,True,0,2.396841754488576,1.010914082872684,5.682827545279523,0.0471840134653343,True,1,1.014348363944723,1.000301434661335,1.0285925499903783,0.0452459329263633,True,1941.9569835041532,1.5329126371016744,3.224406512259519,3.224406512259519,Sul
Zika,Distrito Federal,0.7422583930923462,0.3942403508805837,1.3974914563804133,0.3558610703348394,False,1073.3689656962158,2.125757727509021,1.7355466550804672,1.7355466550804672,1.0136829485483112,1.0046309887950955,1.0228164685722012,0.0029821033765787,True,2,2.052261936701798,1.127242472182796,3.7363558957100977,0.0186825119845306,True,0,1.0140334261790065,1.0048302535928082,1.023320890002802,0.002736408115606,True,1067.4637496549265,1.7480712302774166,1.5897491183807733,1.5897491183807733,Centro-Oeste
Zika,Goias,0.424657724716763,0.252907236585444,0.7130447732391898,0.0011991856073185,True,1443.6115207125515,2.551018533020102,2.1238687677789505,2.1238687677789505,0.9954972939562532,0.9727906113800644,1.0187339913450686,0.7014606238496044,False,0,0.3711142363504194,0.1508985659196628,0.912704342699182,0.0308542776843489,True,2,0.9823911516857036,0.9589412157096194,1.006414532090157,0.1495076141245361,False,1445.3005372475463,1.9731949529939763,2.048481010370564,2.048481010370564,Centro-Oeste
Zika,Mato Grosso,0.4857887147135293,0.2051341441037424,1.1504212347198293,0.1007103358421644,False,1538.2972005582928,5.599061416610599,2.284584746855636,2.284584746855636,1.0492609081465294,1.013894958493061,1.0858604672428838,0.0059807019673695,True,2,3.9664435692624687,1.4302389977252978,11.000031891988252,0.0081065850722228,True,0,1.056475319343854,1.017488658052507,1.096955815231407,0.0041866372786325,True,1536.33821536011,4.132368978211443,2.1605126763054474,2.1605126763054474,Centro-Oeste
Zika,Mato Grosso do Sul,0.7278423352531753,0.580512344914884,0.9125636511045588,0.0059068254960494,True,1367.8805588861064,1.915525095065396,1.2479312549252324,1.2479312549252324,1.0071108267987754,0.9923215487861162,1.0221205200028645,0.3478496669961523,False,2,0.6359826727614005,0.4072744694104594,0.9931237787583924,0.0465530272695166,True,2,1.0145741181353878,0.9976219882095454,1.0318143077796595,0.092364345785637,False,1367.2368617626776,1.6174920831056114,1.1814065442721309,1.1814065442721309,Centro-Oeste
Zika,Alagoas,2.493989642232075,1.3615657883072871,4.568258389698248,0.0030817245506687,True,1314.6074822417745,4.249450099994826,1.7788061246344435,1.7788061246344435,1.0595388444549465,1.0261694518929712,1.0939933563974504,0.0003967720860245,True,0,2.44885796474909,0.8445416335857873,7.100781172922361,0.0991627841617045,False,1,1.0585690614217091,1.0332364050627734,1.084522818116498,4.110848143497594e-06,True,1283.3533559936288,2.172534618625391,1.4031436759429254,1.4031436759429254,Nordeste
Zika,Bahia,2.875484484705359,1.2396691615107005,6.669852956336428,0.0138749873006242,True,1779.6147536162723,6.163087812751143,1.8357132196247892,1.8357132196247892,1.0082696292862736,0.9726864694136652,1.0451545048774964,0.6532378286413014,False,2,2.084620372642872,0.472546153825867,9.196227845373746,0.3320096738404235,False,2,0.9399521551148506,0.913900395093992,0.9667465498952824,1.5725010574722568e-05,True,1750.2720969112588,3.0799691726287737,1.4725035461205307,1.4725035461205307,Nordeste
Zika,Ceara,1.8161107274494916,1.2403612342002903,2.659110977846416,0.0021603664513999,True,1501.465179775637,1.7775627180502294,1.044659607335476,1.044659607335476,0.9903673839929648,0.9695046918350568,1.011679018716846,0.372892045130878,False,1,1.5506953451591985,0.5049318422468346,4.762337908415954,0.4434749578122116,False,0,0.9864335223094666,0.963581574464666,1.009827418583067,0.2533614913686168,False,1507.9524549599446,1.804703285015052,1.034476453285586,1.034476453285586,Nordeste
Zika,Maranhao,16.166011216860053,9.935261061624542,26.30428300199216,3.8824027436963127e-29,True,1257.7221659923955,1.1857311063987457,0.7392340627099694,0.7392340627099694,1.0121396769917568,1.000300372135263,1.0241191088974748,0.0444282364735425,True,0,6.910278982580555,2.870040747136981,16.63807584081503,1.619384755769799e-05,True,0,1.0068366492582488,0.9946192537900418,1.0192041169791872,0.2740282215511785,False,1259.4093379830056,1.2986780941606926,0.7073648587863659,0.7073648587863659,Nordeste
Zika,Paraiba,0.6939965371860829,0.3565064309998982,1.3509747700074772,0.2824474652545028,False,1367.5781687860576,2.1912695949862275,1.594625582199464,1.594625582199464,0.9958929244426916,0.9787889620410278,1.013295772039411,0.6414798029415953,False,2,0.2034264571253516,0.0453304715011559,0.912903000744594,0.0376204984538281,True,2,0.9860384936224776,0.957267363521508,1.0156743538488344,0.3520635099231211,False,1368.7416100066353,1.9808161157209772,1.5302073668820502,1.5302073668820502,Nordeste
Zika,Pernambuco,0.6538864763059107,0.4565433977086731,0.936532049399162,0.0204631352465845,True,1519.1016496817642,1.4396609809344143,0.8680344731848744,0.8680344731848744,0.993306905707874,0.969868632370108,1.0173115987015815,0.5814842702074544,False,2,1.74047701675799,0.7059594512516713,4.290983342587016,0.2287118439543073,False,2,1.0178572438428732,0.9942491751244884,1.0420258771788171,0.139328063375847,False,1521.0481710881295,1.3015333853097175,0.8333461482611382,0.8333461482611382,Nordeste
Zika,Piaui,2.137943288394732,1.3046960037438649,3.503345983490426,0.0025652666506239,True,900.5408335620574,2.128071715134466,1.1190996987363897,1.1190996987363897,0.9950520148824256,0.972470005749374,1.0181584074241896,0.6719193586286949,False,2,1.4521979442544724,0.5487292454811284,3.843204798475505,0.4524431580240894,False,1,0.9892063342864884,0.9676335377497132,1.0112600830973026,0.3347079697868622,False,904.032986050694,1.942760890734746,1.0840089458914297,1.0840089458914297,Nordeste
Zika,Rio Grande do Norte,0.59111185819108,0.4407671435193551,0.7927388282715042,0.0004462429681203,True,1516.6698156586758,2.59582950483995,1.0143564922639294,1.0143564922639294,0.98797478436336,0.9728786510242304,1.0033051640204174,0.1235659901774036,False,1,0.5701958576615128,0.250286300478357,1.2990056406321868,0.1811322321056298,False,1,0.9836985186419808,0.9664509178340754,1.0012539258041862,0.0685844357170964,False,1515.484884735388,2.0286321070267426,0.9553042857325372,0.9553042857325372,Nordeste
Zika,Sergipe,1.1930481234753314,0.7811692360290792,1.822094060134013,0.4139507294291941,False,1158.9695485095588,0.9960728042471731,1.3153613674642417,1.3153613674642417,0.9846374540479008,0.9751294573891676,0.9942381583976774,0.0017646645857758,True,2,1.4893031902945015,0.6258636625241412,3.5439411575293773,0.3678462869345891,False,0,0.9888906870862818,0.976950729164556,1.000976571093036,0.0714655065055829,False,1160.6471918233135,1.0261886640890825,1.2610681683908316,1.2610681683908316,Nordeste
Zika,Acre,0.9326636600731726,0.6219587916190951,1.3985838202506091,0.7359489253113811,False,1198.2037468597223,1.9812193222887595,1.270542741815416,1.270542741815416,0.9991453695808852,0.99281035675786,1.0055208054184313,0.7921931979439396,False,2,1.5740731623567703,0.8725638478149955,2.8395702236074967,0.1317769583578527,False,1,0.994746077507943,0.9882158204104664,1.0013194873832627,0.1169741898992876,False,1200.5411061043692,1.9986012286994537,1.2243167705853772,1.2243167705853772,Norte
Zika,Amapa,2.848034746593081,1.9282385401014963,4.206586347648958,1.4430464239427072e-07,True,915.5560290180672,1.2863259857916065,1.0509634342400325,1.0509634342400325,0.9988616961919318,0.9917501966763936,1.0060241898242634,0.7547124449808607,False,2,2.1236031074279613,0.83793414688054,5.381914765815857,0.1124383842688657,False,2,0.9953504552421332,0.9884136269323732,1.0023359672058691,0.1915195927751795,False,915.70649256763,1.2441235671421655,0.9921784143033526,0.9921784143033526,Norte
Zika,Amazonas,0.8698796727931963,0.3482456644350381,2.172864510363349,0.7653516666348205,False,1244.681873952978,4.801039722138263,1.83817353823994,1.83817353823994,1.01455050303788,1.0006152953885012,1.0286797812887438,0.0406414051404415,True,1,1.3382998363532477,0.2697971292536291,6.638493363283396,0.7213657951934093,False,1,1.0236652954075711,1.0110519471153614,1.0364360011487177,0.0002176671789121,True,1229.8365292208473,2.62564714930361,1.6050626526501413,1.6050626526501413,Norte
Zika,Para,3.5538232764737185,2.129217820713744,5.93159598681771,1.2246791879734288e-06,True,1337.5510849365733,3.27363537573641,1.2194450589444557,1.2194450589444557,0.996519585046724,0.980767465530752,1.012524699567084,0.6680107683040376,False,2,1.954428966337895,0.8136294153589853,4.694757235117002,0.1339488288195728,False,2,0.9721030901812846,0.9553660366093828,0.9891333601242256,0.0014076668355689,True,1327.093543565463,2.4127352581372006,1.0834986083456135,1.0834986083456135,Norte
Zika,Rondonia,1.6667827622282958,1.1968826825019605,2.3211671595531143,0.0024975051741194,True,1293.107079680769,1.996270815778002,1.096806356519132,1.096806356519132,1.001277122256136,0.9940138423394406,1.0085934751109549,0.731147271243843,False,2,1.8529828000763455,1.3057152441171118,2.629627916843724,0.0005531357766984,True,1,1.0031678146761562,0.9954681636216076,1.0109270202483964,0.421072629242221,False,1282.99507487668,1.720677992554262,0.9740924824145908,0.9740924824145908,Norte
Zika,Roraima,0.9027217167830668,0.8045658448146343,1.0128524634792513,0.0814112175767282,False,970.4794503551692,1.5744241359471045,0.8479585412494155,0.8479585412494155,1.0035338954104736,0.9970533210991273,1.0100565916851254,0.2858702407132534,False,0,0.8782778225153521,0.7142590784890323,1.0799609788007098,0.2184603480976684,False,0,1.003791344572084,0.9967831008408528,1.0108488622929672,0.2897717658803217,False,963.25861599551,1.552607697177902,0.8367260780110231,0.8367260780110231,Norte
Zika,Tocantins,2.567841650950244,1.332903905801321,4.946951326090368,0.004817941355317,True,1488.3775787642355,1.5632778526216704,1.1386562599793089,1.1386562599793089,1.001141434394263,0.9860904299161508,1.016422167028057,0.8826537114847364,False,0,3.1351452734374305,1.108012547259012,8.8709608116553,0.0312965956954062,True,2,1.011889836225896,0.997334330857061,1.0266577705967086,0.1098387268772263,False,1493.0989867951548,1.560277271623182,1.1152395298310558,1.1152395298310558,Norte
Zika,Espirito Santo,1.640337838037562,1.1326864206501372,2.3755102681935,0.0088071889420011,True,1533.2920086869574,1.7784463092017282,1.1527155243196716,1.1527155243196716,0.9806875935297196,0.9717365241616966,0.989721114921351,3.06525065450097e-05,True,2,1.6237650377550668,0.8815899598572522,2.990747419880594,0.1198100969076887,False,0,0.9848010254640076,0.9740923650297076,0.9956274112931616,0.0060405089562022,True,1525.8931823560788,1.8257199011353449,1.0446580930391134,1.0446580930391134,Sudeste
Zika,Minas Gerais,0.6280601914418927,0.3021403971024904,1.305550690529544,0.2128243620817128,False,1538.0339637381462,5.84369066433573,1.9530835038869865,1.9530835038869865,0.989687108832499,0.9716786193726836,1.00802935647754,0.2685396108868065,False,2,4.025019725576227,1.8378969662190807,8.81484875869073,0.0004981787071008,True,1,0.9715144843511576,0.9491944232009034,0.994359395961522,0.014809334766878,True,1504.1426300238772,3.1061127135766515,1.5271033585944358,1.5271033585944358,Sudeste
Zika,Rio de Janeiro,0.1686290962493423,0.0782828882332962,0.3632437783481694,5.452990589534217e-06,True,1598.3220866475456,4.192673791125827,3.2687697810794987,3.2687697810794987,1.0028843980723996,0.9858230313421112,1.0202410411610718,0.742152132435205,False,2,3.090736179538171,1.3493068113253122,7.079672355706432,0.0076196099808961,True,0,1.0161824092525775,0.99604256106372,1.036729482494788,0.1160075956327683,False,1602.8442284139414,6.429349567776229,3.2096003995235383,3.2096003995235383,Sudeste
Zika,Sao Paulo,0.9926142796177329,0.7751281003804824,1.2711229377665327,0.9531510848327094,False,1513.0682654135976,2.873777128715564,0.8871119310631357,0.8871119310631357,1.0275937746445547,1.01442931284876,1.0409290744200663,3.507234861917629e-05,True,2,1.2255674637136145,0.8510610965277617,1.7648740075671236,0.2742955086857582,False,0,1.0268767554355542,1.012384674035644,1.0415762880431805,0.0002548419014418,True,1518.6327516472386,2.901425373013072,0.8728740776964921,0.8728740776964921,Sudeste
Zika,Parana,0.3981979433298692,0.3348515903200693,0.4735279946575016,2.0850689435543954e-25,True,1077.9808585779065,2.598615711911571,1.0534497218955845,1.0534497218955845,0.9995672600495624,0.9891899012404446,1.010053485291423,0.9352111910587596,False,0,0.4754784288888526,0.3286336676627181,0.6879384511834036,7.98590275176528e-05,True,2,1.0067344888798042,0.9962557058647794,1.0173234894753451,0.2086476173726414,False,1082.5894903440862,2.648808918444742,1.0301973853967297,1.0301973853967297,Sul
Zika,Rio Grande do Sul,0.5137133845623133,0.4050698458301944,0.6514961412089284,3.9172627099720864e-08,True,953.3841209565354,1.6776172762693309,0.8637552644162266,0.8637552644162266,1.0063908394655512,1.000386130439764,1.0124315911046728,0.0369388470516769,True,0,0.7091254086699934,0.5193157759424715,0.9683103585843896,0.0305711825200114,True,1,1.008089384246116,1.0015365472300912,1.0146850950574882,0.0154588081024761,True,943.1439262812646,1.471583960314106,0.7535616374589262,0.7535616374589262,Sul
Zika,Santa Catarina,0.7976345605460299,0.6518246003208464,0.9760614924080684,0.0281459928705066,True,944.1164506107972,1.5959561681065728,0.6599949282581566,0.6599949282581566,1.0070643401949877,1.0016626389018768,1.0124951714323795,0.0103052736293417,True,1,0.7892011554294865,0.5531778894277197,1.125927980193827,0.1916266601403669,False,0,1.0075431656010252,1.0017635896106891,1.0133560862836362,0.0104572831923641,True,949.1959035792732,1.6282398332823,0.6447459824781792,0.6447459824781792,Sul
