Term,Coef,SE,IRR,IRR_CI_L,IRR_CI_U,z,p_value,Significant,Virus,Location_Name,Model,Spec,AIC,n,dispersion,alpha
Intercept,-3.1830208865049507,5.9089676698808935,0.041460219136146774,3.870942941459779e-07,4440.648691579722,-0.538676307661895,0.5901102243909815,False,Dengue,Acre,quasi-poisson,per_state,81031.1970425501,120,995.4898023436824,
Temp_Avg,-0.1581458041373145,0.22961531698811818,0.8537252962131153,0.5443342310735132,1.3389694048025789,-0.6887423984241348,0.49098538986626994,False,Dengue,Acre,quasi-poisson,per_state,81031.1970425501,120,995.4898023436824,
Rain_mm,-0.0017414338089468354,0.004251408143917983,0.9982600816071154,0.9899763809434025,1.006613096749443,-0.4096134151311986,0.6820895544945138,False,Dengue,Acre,quasi-poisson,per_state,81031.1970425501,120,995.4898023436824,
Intercept,-3.4769787448779574,5.4476259375299385,0.030900628827593188,7.126142530960271e-07,1339.9238898074836,-0.6382557805454772,0.5233071918156817,False,Dengue,Alagoas,quasi-poisson,per_state,127711.63431079857,120,1278.5745630698368,
Temp_Avg,-0.20178991527211,0.20463805359442794,0.817266605140581,0.5472330586401007,1.2205488928937038,-0.986082068939325,0.3240928419304945,False,Dengue,Alagoas,quasi-poisson,per_state,127711.63431079857,120,1278.5745630698368,
Rain_mm,0.030738753568881085,0.009227399617658677,1.0312160671761035,1.0127334388550424,1.0500360078999627,3.3312476800133006,0.0008645763950241303,True,Dengue,Alagoas,quasi-poisson,per_state,127711.63431079857,120,1278.5745630698368,
Intercept,-69.63593304750782,9.604393759489987,5.721350250462375e-31,3.820089343361786e-39,8.568869925869109e-23,-7.250424627655585,4.154454558147336e-13,True,Dengue,Amapa,quasi-poisson,per_state,25610.064624492,120,263.9237630598735,
Temp_Avg,2.255692402496114,0.35397873062022456,9.54189785727448,4.7678434248716055,19.096225820610115,6.372395309017008,1.8609846996753276e-10,True,Dengue,Amapa,quasi-poisson,per_state,25610.064624492,120,263.9237630598735,
Rain_mm,0.013624480483072484,0.004079160614678479,1.013717716667626,1.0056452001055602,1.021855032945971,3.3400205998376387,0.0008377217574830897,True,Dengue,Amapa,quasi-poisson,per_state,25610.064624492,120,263.9237630598735,
Intercept,-19.542438982339196,5.424733566601549,3.2570662099887955e-09,7.855976101976285e-14,0.00013503707443282648,-3.6024698249986153,0.000315207999707523,True,Dengue,Amazonas,quasi-poisson,per_state,31013.411073633324,120,310.84429744232307,
Temp_Avg,0.38243774776977824,0.19699763414027174,1.4658536188602138,0.9963291389991722,2.15664357070196,1.9413316786203851,0.05221805944848046,False,Dengue,Amazonas,quasi-poisson,per_state,31013.411073633324,120,310.84429744232307,
Rain_mm,0.0027657554434697973,0.003961927062729625,1.0027695836735588,0.9950128557059928,1.0105867800344905,0.6980833820712216,0.4851250499746662,False,Dengue,Amazonas,quasi-poisson,per_state,31013.411073633324,120,310.84429744232307,
Intercept,-31.204497145542597,12.729092624994717,2.8058153002697542e-14,4.1004988388393365e-25,0.001919912627375905,-2.451431383590513,0.014228931224129715,True,Dengue,Bahia,quasi-poisson,per_state,1021746.0842600376,120,16715.065358230193,
Temp_Avg,0.895533029996775,0.4967199207079855,2.448640640581775,0.9249292650676176,6.482485972881823,1.8028933261230045,0.07140496934033469,False,Dengue,Bahia,quasi-poisson,per_state,1021746.0842600376,120,16715.065358230193,
Rain_mm,0.028119972030358167,0.018053080893952498,1.0285190705409903,0.9927622530418484,1.0655637593242684,1.5576273210949785,0.11932161826554677,False,Dengue,Bahia,quasi-poisson,per_state,1021746.0842600376,120,16715.065358230193,
Intercept,-3.6492464253853916,4.393637287255318,0.026010722415314363,4.733832128077721e-06,142.91966049105952,-0.8305752584472116,0.40621361653056787,False,Dengue,Ceara,quasi-poisson,per_state,283878.84066863795,120,3271.0073281256873,
Temp_Avg,-0.16448463744198183,0.15755756389363634,0.8483307893752038,0.6229447408065419,1.1552631895891572,-1.0439653506766695,0.2965014208336365,False,Dengue,Ceara,quasi-poisson,per_state,283878.84066863795,120,3271.0073281256873,
Rain_mm,-0.01614322156637555,0.013584689670847347,0.983986381891927,0.9581324887676301,1.0105379069173634,-1.1883393700938782,0.2346997327180662,False,Dengue,Ceara,quasi-poisson,per_state,283878.84066863795,120,3271.0073281256873,
Intercept,-31.51340731753612,9.345832701426936,2.0601606895197364e-14,2.2833248163561904e-22,1.8588078385691803e-06,-3.371920761295524,0.0007464592115811186,True,Dengue,Distrito Federal,quasi-poisson,per_state,1093603.6028693046,120,17673.752820412312,
Temp_Avg,1.0782911375862443,0.41765962118482164,2.939651795954529,1.2965129055126305,6.665226890311508,2.5817461944904694,0.00983018490421217,True,Dengue,Distrito Federal,quasi-poisson,per_state,1093603.6028693046,120,17673.752820412312,
Rain_mm,0.025598085810032548,0.007142368583594579,1.0259285303664023,1.0116665731308394,1.0403915453709887,3.583977151337331,0.0003384017013265961,True,Dengue,Distrito Federal,quasi-poisson,per_state,1093603.6028693046,120,17673.752820412312,
Intercept,-22.85543150841322,5.374941839461602,1.185802097962033e-10,3.153329507576223e-15,4.459180723590054e-06,-4.252219315307531,2.1166242072157004e-05,True,Dengue,Espirito Santo,quasi-poisson,per_state,655622.7207989016,120,8026.33709693645,
Temp_Avg,0.6844357932897598,0.22297978720144526,1.9826528938428531,1.2806854089720148,3.0693818090882443,3.0694970242815067,0.002144195417358441,True,Dengue,Espirito Santo,quasi-poisson,per_state,655622.7207989016,120,8026.33709693645,
Rain_mm,-0.0032754711489505674,0.00746360945820829,0.9967298873545355,0.9822551812414908,1.0114178955921809,-0.43885886142505576,0.660763806835045,False,Dengue,Espirito Santo,quasi-poisson,per_state,655622.7207989016,120,8026.33709693645,
Intercept,-8.75850975787371,6.209762436882041,0.0001571185789321366,8.135252637217805e-10,30.344783310990753,-1.4104420011067944,0.15840921080736736,False,Dengue,Goias,quasi-poisson,per_state,1289427.9959962294,120,16366.241582751103,
Temp_Avg,0.08189797749067335,0.25124274647860423,1.0853450745529085,0.6632934312686439,1.7759469268423391,0.3259715101771018,0.7444459104395156,False,Dengue,Goias,quasi-poisson,per_state,1289427.9959962294,120,16366.241582751103,
Rain_mm,0.006366412224552295,0.009433145617487497,1.0063867209017878,0.9879506289455577,1.02516684774869,0.6748981180519482,0.4997404962724352,False,Dengue,Goias,quasi-poisson,per_state,1289427.9959962294,120,16366.241582751103,
Intercept,-73.35948491479986,8.231456965640655,1.381594215472951e-32,1.360262994432827e-39,1.4032599460843203e-25,-8.912089952120681,0.0,True,Dengue,Maranhao,quasi-poisson,per_state,67381.91183771784,120,631.3749614051768,
Temp_Avg,2.314195558353551,0.2956229902450272,10.116781284254367,5.667649590387125,18.058502368783273,7.82819887057982,4.884981308350689e-15,True,Dengue,Maranhao,quasi-poisson,per_state,67381.91183771784,120,631.3749614051768,
Rain_mm,0.019506892330387306,0.007078286751776486,1.0196983949346718,1.0056493480170148,1.0339437087913803,2.755877660013071,0.005853488629121051,True,Dengue,Maranhao,quasi-poisson,per_state,67381.91183771784,120,631.3749614051768,
Intercept,-11.034451923974611,4.676034040431013,1.6136094127012506e-05,1.6884098920282612e-09,0.1542122768322713,-2.3597886218461985,0.01828535068324455,True,Dengue,Mato Grosso,quasi-poisson,per_state,216922.66008575275,120,2225.7257989685054,
Temp_Avg,0.1608165570113865,0.18264201994965013,1.1744695008561603,0.8210577737007301,1.6800018861329147,0.8805014150397572,0.3785877389454535,False,Dengue,Mato Grosso,quasi-poisson,per_state,216922.66008575275,120,2225.7257989685054,
Rain_mm,-0.017186848276955102,0.007926541969772565,0.9829600030922606,0.9678067301870669,0.9983505358475638,-2.1682655996140827,0.030138484192692827,True,Dengue,Mato Grosso,quasi-poisson,per_state,216922.66008575275,120,2225.7257989685054,
Intercept,-6.470755990809398,4.128428251750902,0.0015480549751082156,4.7380245475494827e-07,5.057960721619224,-1.5673654951046063,0.11702928439317217,False,Dengue,Mato Grosso do Sul,quasi-poisson,per_state,521825.63574551995,120,6480.838842795763,
Temp_Avg,-0.030574904173155372,0.16836166874140562,0.9698877807040323,0.6972831045203021,1.3490679769247214,-0.18160252509801839,0.8558946670620664,False,Dengue,Mato Grosso do Sul,quasi-poisson,per_state,521825.63574551995,120,6480.838842795763,
Rain_mm,0.004560998859757467,0.00954399797448858,1.004571416046628,0.9859543366457387,1.0235400286093856,0.4778918511874338,0.6327271815760145,False,Dengue,Mato Grosso do Sul,quasi-poisson,per_state,521825.63574551995,120,6480.838842795763,
Intercept,-49.373916606790274,9.503679668674271,3.6072850982930154e-22,2.9341682776729485e-30,4.4348191885868285e-14,-5.195242088128771,2.0445360515708444e-07,True,Dengue,Minas Gerais,quasi-poisson,per_state,7728992.37453451,120,101461.5202745396,
Temp_Avg,1.8516097975563568,0.40732608026248673,6.37006578952319,2.8669555427523363,14.153598672094596,4.5457678436970035,5.47353419211305e-06,True,Dengue,Minas Gerais,quasi-poisson,per_state,7728992.37453451,120,101461.5202745396,
Rain_mm,0.030438942864508368,0.015039058995135345,1.0309069439021916,1.0009628504772317,1.061746823550002,2.0239925167096153,0.042970921720312916,True,Dengue,Minas Gerais,quasi-poisson,per_state,7728992.37453451,120,101461.5202745396,
Intercept,-32.56900035957028,6.403499397869236,7.169070690055568e-15,2.5391837737942698e-20,2.0240982590328263e-09,-5.086125309921574,3.654526419261117e-07,True,Dengue,Para,quasi-poisson,per_state,65850.08043533478,120,697.6862178372421,
Temp_Avg,0.8518742602163536,0.2341676781727749,2.344036070925259,1.4812785663245094,3.709298997981331,3.637881482464113,0.00027488985897061724,True,Dengue,Para,quasi-poisson,per_state,65850.08043533478,120,697.6862178372421,
Rain_mm,0.008999808402826099,0.007641941199227188,1.0090404284445549,0.9940394387044158,1.0242677972240175,1.1776861622196502,0.23892174555443746,False,Dengue,Para,quasi-poisson,per_state,65850.08043533478,120,697.6862178372421,
Intercept,28.01337086972044,10.158218598222772,1465724638244.1326,3305.2335558060536,6.499839357439792e+20,2.7577050640179674,0.005820869075235935,True,Dengue,Paraiba,quasi-poisson,per_state,135231.96775225174,120,1387.502821494605,
Temp_Avg,-1.3818282289892687,0.38788237870294384,0.2511190300406201,0.11741064635474564,0.5370958188749718,-3.5624929227515363,0.00036734981465280647,True,Dengue,Paraiba,quasi-poisson,per_state,135231.96775225174,120,1387.502821494605,
Rain_mm,-0.01092167951874494,0.00880263779498591,0.9891377454859681,0.9722183599505124,1.006351576815383,-1.240728037789543,0.21470623302763414,False,Dengue,Paraiba,quasi-poisson,per_state,135231.96775225174,120,1387.502821494605,
Intercept,-19.660551917879836,4.955820916682173,2.894215005727358e-09,1.7500516369797915e-13,4.786419053230563e-05,-3.967163513051678,7.273309416100382e-05,True,Dengue,Parana,quasi-poisson,per_state,3646313.325914073,120,53391.17052948575,
Temp_Avg,0.6054742502784003,0.2297607700666832,1.8321208867247305,1.1678251127351045,2.8742890583261493,2.63523773054327,0.008407837344597047,True,Dengue,Parana,quasi-poisson,per_state,3646313.325914073,120,53391.17052948575,
Rain_mm,0.001650722407898082,0.008560271585646363,1.0016520856001128,0.9849864345848405,1.0185997140254395,0.1928352846498433,0.8470879689232471,False,Dengue,Parana,quasi-poisson,per_state,3646313.325914073,120,53391.17052948575,
Intercept,-17.994185719398352,8.277411301824957,1.5318789051431015e-08,1.3783188390324563e-15,0.17025472724944454,-2.1738904910320325,0.029713360347489504,True,Dengue,Pernambuco,quasi-poisson,per_state,241475.93235810677,120,3475.553206830674,
Temp_Avg,0.3823598787842704,0.3211798711088414,1.4657394787700544,0.7810214469866712,2.750746766191908,1.1904851865847357,0.23385574887566518,False,Dengue,Pernambuco,quasi-poisson,per_state,241475.93235810677,120,3475.553206830674,
Rain_mm,-0.012892893397220953,0.016716254110987656,0.9871898639106768,0.9553698352226343,1.0200697064931696,-0.7712788589847055,0.44054166054253385,False,Dengue,Pernambuco,quasi-poisson,per_state,241475.93235810677,120,3475.553206830674,
Intercept,-0.6178707289729672,11.084104854609746,0.5390910874307123,1.9800749270450238e-10,1467718198.8306634,-0.05574385456268958,0.9555458629057283,False,Dengue,Piaui,quasi-poisson,per_state,144778.80330970453,120,2222.8467220157927,
Temp_Avg,-0.2803738937234755,0.3931017245916093,0.755501211479874,0.34963928370963593,1.6324884163233024,-0.7132349623109744,0.4757003750292115,False,Dengue,Piaui,quasi-poisson,per_state,144778.80330970453,120,2222.8467220157927,
Rain_mm,-0.000701835465055603,0.015649921262128726,0.999298410763847,0.9691114277942069,1.0304256921498245,-0.04484594224470483,0.9642301052914832,False,Dengue,Piaui,quasi-poisson,per_state,144778.80330970453,120,2222.8467220157927,
Intercept,20.29943168820542,10.042561030593424,654532427.9345973,1.8515295258666689,2.3138313120738797e+17,2.0213401368799957,0.04324456697690393,True,Dengue,Rio Grande do Norte,quasi-poisson,per_state,265901.4727443466,120,4104.132370988395,
Temp_Avg,-0.9963454291704995,0.35960002317759554,0.36922634231965556,0.1824714649544345,0.747120060097037,-2.770704574394409,0.005593515083771372,True,Dengue,Rio Grande do Norte,quasi-poisson,per_state,265901.4727443466,120,4104.132370988395,
Rain_mm,-0.007973910032064234,0.013669140037289716,0.9920577972555442,0.9658319501945294,1.0189957713630182,-0.5833512576732136,0.5596568632201824,False,Dengue,Rio Grande do Norte,quasi-poisson,per_state,265901.4727443466,120,4104.132370988395,
Intercept,-14.589344296772172,6.788944053884005,4.612413953782561e-07,7.674718125946363e-13,0.27720057117309166,-2.1489857893917246,0.031635526441980755,True,Dengue,Rio Grande do Sul,quasi-poisson,per_state,1582445.7734679761,120,34938.9641314344,
Temp_Avg,0.33326245859045955,0.3631697685381535,1.3955135149194677,0.6848535304498764,2.8436123692661903,0.9176492303638649,0.35880253524725925,False,Dengue,Rio Grande do Sul,quasi-poisson,per_state,1582445.7734679761,120,34938.9641314344,
Rain_mm,0.005111313359083918,0.009264193516173176,1.0051243984056366,0.9870382308194356,1.0235419710456057,0.5517278271617196,0.581134841673322,False,Dengue,Rio Grande do Sul,quasi-poisson,per_state,1582445.7734679761,120,34938.9641314344,
Intercept,-37.865184501719824,6.0057678313519824,3.5921901250619813e-17,2.7742559765753217e-22,4.6512758748822936e-12,-6.304803243317489,2.885602867763737e-10,True,Dengue,Rio de Janeiro,quasi-poisson,per_state,1034732.2077376585,120,14304.367884598933,
Temp_Avg,1.332002766122455,0.2592339912928775,3.7886235212567074,2.2793815204067913,6.29717669346461,5.138225737602382,2.773445997306112e-07,True,Dengue,Rio de Janeiro,quasi-poisson,per_state,1034732.2077376585,120,14304.367884598933,
Rain_mm,-0.0034181102113972368,0.008421880819962623,0.9965877248770929,0.9802721942788979,1.0131748091725714,-0.40586067227348943,0.6848449759548207,False,Dengue,Rio de Janeiro,quasi-poisson,per_state,1034732.2077376585,120,14304.367884598933,
Intercept,-18.339765420113608,5.482913592789751,1.0842790800892645e-08,2.3334086698418643e-13,0.0005038384997510506,-3.344894116921909,0.0008231398832445613,True,Dengue,Rondonia,quasi-poisson,per_state,72834.36544655621,120,856.7112255235455,
Temp_Avg,0.3871068548745659,0.20694739730859654,1.4727138495193997,0.9816602148940494,2.209406115944443,1.8705567690581708,0.061406541459434694,False,Dengue,Rondonia,quasi-poisson,per_state,72834.36544655621,120,856.7112255235455,
Rain_mm,-0.0026661110420337676,0.005641232727797468,0.9973374398755959,0.9863708029363738,1.00842600573384,-0.4726114256723299,0.6364904294187452,False,Dengue,Rondonia,quasi-poisson,per_state,72834.36544655621,120,856.7112255235455,
Intercept,-16.134677508375514,3.0802445837325294,9.835548648344563e-08,2.348775286082548e-10,4.1186578293447066e-05,-5.238115698209943,1.6222435750279374e-07,True,Dengue,Roraima,quasi-poisson,per_state,5158.780809205563,119,62.66733857741072,
Temp_Avg,0.20258657004819494,0.10916375346329134,1.2245660912789094,0.9886900570294574,1.5167160843263419,1.8558043638204418,0.06348144835490777,False,Dengue,Roraima,quasi-poisson,per_state,5158.780809205563,119,62.66733857741072,
Rain_mm,0.01629525456114835,0.002760724712721879,1.016428746330173,1.0109436828894365,1.0219435700052908,5.902527871053968,3.5797362851752723e-09,True,Dengue,Roraima,quasi-poisson,per_state,5158.780809205563,119,62.66733857741072,
Intercept,-28.643780854017045,7.0136979129745205,3.6321521628000795e-13,3.890306722290325e-19,3.391128328813752e-07,-4.083976984670156,4.427141756790931e-05,True,Dengue,Santa Catarina,quasi-poisson,per_state,1863475.7841371452,120,31308.779344907514,
Temp_Avg,1.1069429217071531,0.36922071768867215,3.0250962879610794,1.4670745487849566,6.237724973836543,2.9980520287069323,0.002717112828848789,True,Dengue,Santa Catarina,quasi-poisson,per_state,1863475.7841371452,120,31308.779344907514,
Rain_mm,0.01057345728254771,0.00598781747394371,1.0106295538191146,0.9988380106666598,1.0225602992130052,1.7658282552129625,0.07742466662796277,False,Dengue,Santa Catarina,quasi-poisson,per_state,1863475.7841371452,120,31308.779344907514,
Intercept,-24.61879981907998,5.3214806170004545,2.033251435047563e-11,6.00420261279743e-16,6.885362911157394e-07,-4.626306396838254,3.7224449846995356e-06,True,Dengue,Sao Paulo,quasi-poisson,per_state,10313725.069618125,120,137353.70612992826,
Temp_Avg,0.7806332802662972,0.23192819786023788,2.1828541863608373,1.3854902005862035,3.4391094191045277,3.365840322429074,0.0007631086867079251,True,Dengue,Sao Paulo,quasi-poisson,per_state,10313725.069618125,120,137353.70612992826,
Rain_mm,0.007721391810786149,0.011376248578552224,1.0077512786296254,0.9855296610262377,1.030473946894844,0.6787291748655511,0.49730947692118077,False,Dengue,Sao Paulo,quasi-poisson,per_state,10313725.069618125,120,137353.70612992826,
Intercept,-2.135038786496107,6.406017215859123,0.11824000417223307,4.1672782354533526e-07,33548.75243920149,-0.33328645780259164,0.7389180607181081,False,Dengue,Sergipe,quasi-poisson,per_state,32833.66295391352,120,398.5504860898351,
Temp_Avg,-0.2809793709755388,0.2497213582672922,0.7550439111388643,0.46281251913294114,1.2317975080188284,-1.125171562917695,0.26051634093832643,False,Dengue,Sergipe,quasi-poisson,per_state,32833.66295391352,120,398.5504860898351,
Rain_mm,0.0005120533111108113,0.006131909217521108,1.0005121844327869,0.9885594577067499,1.0126094322344898,0.08350634246959945,0.9334489344473444,False,Dengue,Sergipe,quasi-poisson,per_state,32833.66295391352,120,398.5504860898351,
Intercept,-27.605477388996988,10.921171270141063,1.0258727635578232e-12,5.185669560055103e-22,0.002029467776189315,-2.527703000544595,0.011481142926035748,True,Dengue,Tocantins,quasi-poisson,per_state,101946.65851467503,120,1264.9329009861447,
Temp_Avg,0.7376067836030665,0.403230729320926,2.090925484688141,0.9486404298830782,4.608668621742373,1.829242490633731,0.06736328966420846,False,Dengue,Tocantins,quasi-poisson,per_state,101946.65851467503,120,1264.9329009861447,
Rain_mm,0.006714712923309243,0.010193481652384213,1.0067373071510712,0.9868230748229595,1.0270534115668306,0.6587261499351107,0.5100716376103682,False,Dengue,Tocantins,quasi-poisson,per_state,101946.65851467503,120,1264.9329009861447,
Intercept,-2.3502847044515116,5.521786336115126,0.09534201405531433,1.9012748497579927e-06,4781.055009106559,-0.42563847302086366,0.6703713014643531,False,Chikungunya,Acre,quasi-poisson,per_state,5086.398262703723,108,68.47751873220204,
Temp_Avg,-0.2992794533552063,0.21487131609432786,0.7413522071229982,0.48654434379865336,1.1296053525464125,-1.3928311083822074,0.16367086894114813,False,Chikungunya,Acre,quasi-poisson,per_state,5086.398262703723,108,68.47751873220204,
Rain_mm,0.0019929813867131715,0.00381250032076032,1.00199496869412,0.994535465940559,1.0095104213692636,0.5227491722061586,0.6011488146142059,False,Chikungunya,Acre,quasi-poisson,per_state,5086.398262703723,108,68.47751873220204,
Intercept,30.825861704453942,6.593602209627638,24406282740650.844,59554437.820523836,1.000205289506252e+19,4.675116988319922,2.9378609625041463e-06,True,Chikungunya,Alagoas,quasi-poisson,per_state,28459.902205836108,108,364.23625428209516,
Temp_Avg,-1.5646861231595195,0.2507711372694559,0.2091536513588544,0.1279395295338189,0.3419212970075664,-6.239498453437446,4.389761887324539e-10,True,Chikungunya,Alagoas,quasi-poisson,per_state,28459.902205836108,108,364.23625428209516,
Rain_mm,-0.009402080649727917,0.011635797629503732,0.9906419807129229,0.9683049173895357,1.0134943201533186,-0.8080306094262072,0.41907296147841855,False,Chikungunya,Alagoas,quasi-poisson,per_state,28459.902205836108,108,364.23625428209516,
Intercept,-23.89318401152734,5.775542956958962,4.2007035006065806e-11,5.094254218238995e-16,3.463884828682199e-06,-4.136958930023782,3.519390712236614e-05,True,Chikungunya,Amapa,quasi-poisson,per_state,3143.469136806718,104,28.60063833182307,
Temp_Avg,0.5051381461650202,0.21601635513075357,1.657214442467981,1.0851802368497443,2.5307866979747864,2.338425467179384,0.019365187899547553,True,Chikungunya,Amapa,quasi-poisson,per_state,3143.469136806718,104,28.60063833182307,
Rain_mm,0.005251299542386283,0.0036252390812460513,1.0052651117826479,0.9981475488526608,1.0124334284334857,1.4485388203917655,0.14746641723143705,False,Chikungunya,Amapa,quasi-poisson,per_state,3143.469136806718,104,28.60063833182307,
Intercept,-16.286190360809968,5.387164765655271,8.452737751396591e-08,2.1945737019578413e-12,0.003255701798948185,-3.0231468813872424,0.0025016079147623937,True,Chikungunya,Amazonas,quasi-poisson,per_state,2315.7822949268675,108,20.009047248327132,
Temp_Avg,0.16040812811399588,0.19595807037898672,1.1739899115186456,0.799579199897591,1.7237220684631147,0.8185839338168795,0.4130238364646672,False,Chikungunya,Amazonas,quasi-poisson,per_state,2315.7822949268675,108,20.009047248327132,
Rain_mm,0.003999805321376011,0.0039333598829028975,1.0040078152184628,0.996297291942929,1.0117780116153265,1.0168927940618735,0.3092044316900189,False,Chikungunya,Amazonas,quasi-poisson,per_state,2315.7822949268675,108,20.009047248327132,
Intercept,5.219197570987782,7.520674866712247,184.78584703896257,7.327250162881676e-05,466011238.96223015,0.6939799504016342,0.48769478261286325,False,Chikungunya,Bahia,quasi-poisson,per_state,178104.37201275025,108,2239.3960842613556,
Temp_Avg,-0.5908001642459841,0.295978398808845,0.5538839092709421,0.3100822091320275,0.9893743527176583,-1.9960921696435932,0.04592389120330753,True,Chikungunya,Bahia,quasi-poisson,per_state,178104.37201275025,108,2239.3960842613556,
Rain_mm,0.01782195586684192,0.011647904861966171,1.0179817145820282,0.995004581150674,1.0414894472394804,1.5300567851507647,0.12600267376121455,False,Chikungunya,Bahia,quasi-poisson,per_state,178104.37201275025,108,2239.3960842613556,
Intercept,-9.277730497981702,8.839767015806647,9.348304285268043e-05,2.793645201659237e-12,3128.199420529735,-1.0495446861203377,0.29392749985109745,False,Chikungunya,Ceara,quasi-poisson,per_state,768623.3277520301,108,18841.515065534008,
Temp_Avg,0.03674650122088896,0.3165644752606976,1.0374300002633883,0.5578194862459176,1.9294073297611887,0.11607904263618789,0.9075898980742398,False,Chikungunya,Ceara,quasi-poisson,per_state,768623.3277520301,108,18841.515065534008,
Rain_mm,0.0034594080726395096,0.02570246130398722,1.0034653987307978,0.954166193118234,1.0553117619470986,0.13459442781469538,0.8929325474778245,False,Chikungunya,Ceara,quasi-poisson,per_state,768623.3277520301,108,18841.515065534008,
Intercept,-14.1649297192322,4.74202406607647,7.050975187498622e-07,6.48271325028297e-11,0.007669049852320881,-2.9871062486935456,0.002816318252316874,True,Chikungunya,Distrito Federal,quasi-poisson,per_state,6477.740280810615,108,69.75127053242399,
Temp_Avg,0.13974643887159321,0.2151307648438598,1.1499821711091052,0.7543416776596801,1.7531299582593611,0.649588351405807,0.5159581594169738,False,Chikungunya,Distrito Federal,quasi-poisson,per_state,6477.740280810615,108,69.75127053242399,
Rain_mm,0.0076824429412757685,0.00407937701102472,1.007712028620952,0.9996869130216277,1.0158015668705516,1.8832392594539764,0.05966795081676168,False,Chikungunya,Distrito Federal,quasi-poisson,per_state,6477.740280810615,108,69.75127053242399,
Intercept,-29.032315350831066,4.067981409228774,2.4627801598532783e-13,8.485744755135008e-17,7.14761790601424e-10,-7.136786634512949,9.554579349924097e-13,True,Chikungunya,Espirito Santo,quasi-poisson,per_state,69906.34252444758,108,783.908514686423,
Temp_Avg,0.8666596807378911,0.1684687705209475,2.3789511106655645,1.7099444601058467,3.309703045317976,5.144334336019448,2.68471041398044e-07,True,Chikungunya,Espirito Santo,quasi-poisson,per_state,69906.34252444758,108,783.908514686423,
Rain_mm,0.0009406892955137677,0.005608870071427461,1.0009411318824573,0.9899976634136846,1.0120055698308081,0.16771458128541775,0.8668078244723636,False,Chikungunya,Espirito Santo,quasi-poisson,per_state,69906.34252444758,108,783.908514686423,
Intercept,-28.967692695343633,8.917623109900006,2.627186531176138e-13,6.7399530709122756e-21,1.0240589210303039e-05,-3.248364764730279,0.0011607036883911626,True,Chikungunya,Goias,quasi-poisson,per_state,54925.28980884421,108,765.5301419148963,
Temp_Avg,0.7718595215604961,0.35851773255724506,2.1637861220569894,1.0716127596814387,4.369087937510417,2.1529186744961133,0.03132507056400535,True,Chikungunya,Goias,quasi-poisson,per_state,54925.28980884421,108,765.5301419148963,
Rain_mm,0.0033315637790675007,0.013011931049392788,1.003337119605825,0.9780721671989459,1.029254700562548,0.2560391510238575,0.7979206064865172,False,Chikungunya,Goias,quasi-poisson,per_state,54925.28980884421,108,765.5301419148963,
Intercept,-62.35515599449683,12.974734376607321,8.308063999450499e-28,7.50210204635577e-39,9.200611640905972e-17,-4.805890755414577,1.5406401179252072e-06,True,Chikungunya,Maranhao,quasi-poisson,per_state,28370.987111803184,108,396.943716104125,
Temp_Avg,1.8936678766862687,0.4711250435428687,6.6436922898354664,2.6386377794146614,16.727815991405485,4.0194591704271385,5.833188914516896e-05,True,Chikungunya,Maranhao,quasi-poisson,per_state,28370.987111803184,108,396.943716104125,
Rain_mm,0.00960772336922237,0.009359521987279313,1.0096540257112894,0.9913011164199771,1.0283467200324738,1.0265185959582543,0.3046472027793934,False,Chikungunya,Maranhao,quasi-poisson,per_state,28370.987111803184,108,396.943716104125,
Intercept,-16.863827972146822,11.838686840622618,4.743867692207438e-08,3.970442280357914e-18,566.7953112553716,-1.4244677808590402,0.15431110535384618,False,Chikungunya,Mato Grosso,quasi-poisson,per_state,319961.20112892083,108,5918.353557019712,
Temp_Avg,0.32657181324948337,0.45883722197477617,1.3862077942748243,0.5639728641667486,3.4072065714497333,0.7117378399336489,0.4766271310094641,False,Chikungunya,Mato Grosso,quasi-poisson,per_state,319961.20112892083,108,5918.353557019712,
Rain_mm,0.01163655056928383,0.01865354275401434,1.01170451860584,0.9753836548496041,1.0493778810813645,0.6238252284156363,0.532742369408086,False,Chikungunya,Mato Grosso,quasi-poisson,per_state,319961.20112892083,108,5918.353557019712,
Intercept,-21.321367632280573,5.569759332093548,5.498543822620468e-10,9.980971913728182e-15,3.0291623331484192e-05,-3.828059052646059,0.0001291577719779724,True,Chikungunya,Mato Grosso do Sul,quasi-poisson,per_state,231922.370732846,108,3405.3205550003095,
Temp_Avg,0.5180177260771538,0.2221487532909451,1.6786967126569183,1.0861139796339305,2.594592009611133,2.3318507009522276,0.019708546723177456,True,Chikungunya,Mato Grosso do Sul,quasi-poisson,per_state,231922.370732846,108,3405.3205550003095,
Rain_mm,0.02018713802791944,0.011342422769121811,1.0203922763587763,0.9979580769675276,1.0433307988412872,1.7797906530936365,0.07511022786451949,False,Chikungunya,Mato Grosso do Sul,quasi-poisson,per_state,231922.370732846,108,3405.3205550003095,
Intercept,-38.75895669489272,9.412638180324599,1.4695994578459677e-17,1.4288926826638794e-25,1.5114659013263327e-09,-4.117756993561192,3.825777924948426e-05,True,Chikungunya,Minas Gerais,quasi-poisson,per_state,893970.4727671605,108,13608.005163368194,
Temp_Avg,1.322850967170944,0.40432977947647175,3.7541089764726094,1.6995518512494896,8.292382604785477,3.271712929193042,0.0010689805818433484,True,Chikungunya,Minas Gerais,quasi-poisson,per_state,893970.4727671605,108,13608.005163368194,
Rain_mm,0.013245263956952847,0.016874886835633145,1.0133333710363586,0.9803657974673944,1.0474095725377057,0.7849097944161642,0.43250645904984975,False,Chikungunya,Minas Gerais,quasi-poisson,per_state,893970.4727671605,108,13608.005163368194,
Intercept,-19.15575366102513,7.0017570505245335,4.79470496115161e-09,5.257096692996215e-15,0.004372983227628158,-2.735849519313168,0.00622194714060309,True,Chikungunya,Para,quasi-poisson,per_state,42455.225229725766,108,475.0541452472227,
Temp_Avg,0.2994196782272741,0.2580491728809213,1.3490756823741417,0.8135428332885835,2.237135061981003,1.1603202400708472,0.24591844688761832,False,Chikungunya,Para,quasi-poisson,per_state,42455.225229725766,108,475.0541452472227,
Rain_mm,0.024820881222569997,0.007670494960610442,1.0251314837804455,1.0098347575679032,1.0406599210041885,3.2358904281966536,0.001212639230500745,True,Chikungunya,Para,quasi-poisson,per_state,42455.225229725766,108,475.0541452472227,
Intercept,-11.05298285164603,13.753281929843244,1.5839830828625694e-05,3.109715201010175e-17,8068270.708455129,-0.8036614757138196,0.4215925086728385,False,Chikungunya,Paraiba,quasi-poisson,per_state,66758.05692414955,108,939.8745256606755,
Temp_Avg,0.04276396777882119,0.5215652265494414,1.0436915209477517,0.3754973457950894,2.9009312664826745,0.08199160067042431,0.9346533926615994,False,Chikungunya,Paraiba,quasi-poisson,per_state,66758.05692414955,108,939.8745256606755,
Rain_mm,0.03991431499128469,0.011369258728084372,1.0407215961327965,1.0177869037581682,1.0641730962128264,3.510722725720741,0.00044689026411259825,True,Chikungunya,Paraiba,quasi-poisson,per_state,66758.05692414955,108,939.8745256606755,
Intercept,-25.539075168291284,5.201998412812109,8.100663303424108e-12,3.0233619192144664e-16,2.170456191116259e-07,-4.909473848625284,9.132107634535203e-07,True,Chikungunya,Parana,quasi-poisson,per_state,42026.96785850157,108,661.4756233646375,
Temp_Avg,0.6860155800717889,0.24013215969074647,1.9857875380607142,1.2403040449210532,3.1793431316014384,2.8568250956276415,0.00427901557873156,True,Chikungunya,Parana,quasi-poisson,per_state,42026.96785850157,108,661.4756233646375,
Rain_mm,-0.00044822692926290743,0.008201671881827056,0.9995518735094201,0.9836122604757795,1.015749790830097,-0.05465067802286399,0.9564167638311838,False,Chikungunya,Parana,quasi-poisson,per_state,42026.96785850157,108,661.4756233646375,
Intercept,2.993020027104051,7.832341631172118,19.9458285673475,4.293666319846325e-06,92656496.24404301,0.38213604156285286,0.7023604594700905,False,Chikungunya,Pernambuco,quasi-poisson,per_state,142191.42819572336,108,2464.0188163680136,
Temp_Avg,-0.4753889242975544,0.30510076733060804,0.6216432372840005,0.34184890825481123,1.130441856414773,-1.5581374260603602,0.11920067440967075,False,Chikungunya,Pernambuco,quasi-poisson,per_state,142191.42819572336,108,2464.0188163680136,
Rain_mm,0.005124750945745129,0.0156683148490905,1.0051379049425928,0.974739380118546,1.0364844475961499,0.3270773529319655,0.7436093803445862,False,Chikungunya,Pernambuco,quasi-poisson,per_state,142191.42819572336,108,2464.0188163680136,
Intercept,-10.315398614027728,17.974802799489375,3.311915924024504e-05,1.6581288351549427e-20,66151597241.73129,-0.5738810449881968,0.5660483007079469,False,Chikungunya,Piaui,quasi-poisson,per_state,72130.82217880031,108,1395.1163682137371,
Temp_Avg,0.04205728329820824,0.6388195237428103,1.0429542208972864,0.2981886368325021,3.647870416666738,0.06583593915820983,0.9475084429819682,False,Chikungunya,Piaui,quasi-poisson,per_state,72130.82217880031,108,1395.1163682137371,
Rain_mm,-0.009158506452372126,0.022835309480618,0.9908833049272248,0.9475119660446951,1.0362399200953043,-0.40106776131699123,0.6883702356328096,False,Chikungunya,Piaui,quasi-poisson,per_state,72130.82217880031,108,1395.1163682137371,
Intercept,0.8347806638835373,5.74792563755769,2.304308574760819,2.9499017928571703e-05,180000.5010530643,0.14523163946815396,0.884527986067583,False,Chikungunya,Rio Grande do Norte,quasi-poisson,per_state,74243.31260006348,108,984.4015949899422,
Temp_Avg,-0.32948259763224447,0.2035968201325779,0.7192958025202527,0.48261677580495743,1.0720440678016312,-1.618309153442045,0.10559598902764344,False,Chikungunya,Rio Grande do Norte,quasi-poisson,per_state,74243.31260006348,108,984.4015949899422,
Rain_mm,-0.013486101005702997,0.012465311434419628,0.9866044290317685,0.962791779317545,1.0110060350484795,-1.0818904185951368,0.2793012228133478,False,Chikungunya,Rio Grande do Norte,quasi-poisson,per_state,74243.31260006348,108,984.4015949899422,
Intercept,-17.42490007378187,3.098174649638287,2.706836663298217e-08,6.240832805285927e-11,1.174036374691781e-05,-5.624247192073641,1.8631869158625136e-08,True,Chikungunya,Rio Grande do Sul,quasi-poisson,per_state,7293.796809677165,108,95.52163119297762,
Temp_Avg,0.2711876272978171,0.16525026221136221,1.3115211244652485,0.948661830721637,1.8131726229673826,1.6410722964599984,0.10078240868689936,False,Chikungunya,Rio Grande do Sul,quasi-poisson,per_state,7293.796809677165,108,95.52163119297762,
Rain_mm,0.0007122881416788858,0.00435352910576119,1.0007125418791185,0.9922098726470582,1.0092880741072674,0.16361166409483469,0.8700368618285934,False,Chikungunya,Rio Grande do Sul,quasi-poisson,per_state,7293.796809677165,108,95.52163119297762,
Intercept,-15.078589762609571,7.10761190786611,2.8278194105754397e-07,2.519592310519607e-13,0.317375258903617,-2.1214706089849744,0.03388221875516195,True,Chikungunya,Rio de Janeiro,quasi-poisson,per_state,384032.838216265,108,6693.464685690647,
Temp_Avg,0.21039868230128697,0.31432126966021856,1.2341700036228345,0.6665294153806581,2.285233873695573,0.6693746259320219,0.5032565335774708,False,Chikungunya,Rio de Janeiro,quasi-poisson,per_state,384032.838216265,108,6693.464685690647,
Rain_mm,0.021471502447720614,0.006568240130773111,1.0217036738686498,1.008634818613629,1.0349418619431658,3.268988651484233,0.0010793263039425849,True,Chikungunya,Rio de Janeiro,quasi-poisson,per_state,384032.838216265,108,6693.464685690647,
Intercept,-13.422214124686409,8.705106410774912,1.4818575961328428e-06,5.76594241464124e-14,38.08400738863844,-1.5418782369015969,0.12310318541206455,False,Chikungunya,Rondonia,quasi-poisson,per_state,37532.00217660543,108,836.4617362565209,
Temp_Avg,0.17764650330849646,0.3295051436524427,1.1944030290806569,0.6261385676834753,2.2784071601834635,0.5391311994081508,0.5897963290931907,False,Chikungunya,Rondonia,quasi-poisson,per_state,37532.00217660543,108,836.4617362565209,
Rain_mm,-0.013049736932756682,0.01070207983892235,0.9870350417039245,0.9665465544461803,1.0079578361434383,-1.2193645655021323,0.22270585279701915,False,Chikungunya,Rondonia,quasi-poisson,per_state,37532.00217660543,108,836.4617362565209,
Intercept,-1.4188612200031072,2.1990880033681823,0.24198943277372925,0.0032500863732639017,18.01763979439828,-0.64520438373996,0.5187947457334319,False,Chikungunya,Roraima,quasi-poisson,per_state,23620.22675552721,107,502.7692104503593,
Temp_Avg,-0.26716258984059554,0.07872399003045893,0.7655485909226462,0.6560871748997266,0.8932725215261531,-3.3936617000386824,0.0006896483010465637,True,Chikungunya,Roraima,quasi-poisson,per_state,23620.22675552721,107,502.7692104503593,
Rain_mm,-0.0050650717191708695,0.008366274021922833,0.994947734126624,0.9787657216651584,1.0113972851026767,-0.6054154700047413,0.5449029746187648,False,Chikungunya,Roraima,quasi-poisson,per_state,23620.22675552721,107,502.7692104503593,
Intercept,-21.226220815038566,3.17336047538621,6.047410203757242e-10,1.2032350075164949e-12,3.0394037693426897e-07,-6.6888779196933985,2.2488899631412096e-11,True,Chikungunya,Santa Catarina,quasi-poisson,per_state,8836.168675600393,108,110.82334575745233,
Temp_Avg,0.5317265610718634,0.16936685637818807,1.7018681527341082,1.2211188425899684,2.371886427653098,3.139495958315147,0.001692387491346814,True,Chikungunya,Santa Catarina,quasi-poisson,per_state,8836.168675600393,108,110.82334575745233,
Rain_mm,-0.0034810419135980148,0.0041355077293086335,0.9965250098885752,0.988480229514088,1.0046352629850668,-0.841744748517244,0.39993084463265793,False,Chikungunya,Santa Catarina,quasi-poisson,per_state,8836.168675600393,108,110.82334575745233,
Intercept,-25.940773887138892,3.3616192740321456,5.420820722425101e-12,7.457563338770509e-15,3.9403349284215405e-09,-7.7167495104297865,1.199040866595169e-14,True,Chikungunya,Sao Paulo,quasi-poisson,per_state,107618.33723448217,108,1318.2131053822511,
Temp_Avg,0.71101777215063,0.14694496582771088,2.0360624521271586,1.5265429043135033,2.715646115971002,4.8386671033309145,1.3071277080722865e-06,True,Chikungunya,Sao Paulo,quasi-poisson,per_state,107618.33723448217,108,1318.2131053822511,
Rain_mm,-0.01612203856299473,0.007876906730923405,0.9840072258995498,0.9689320670857282,0.9993169320268332,-2.04674742430329,0.04068289024736815,True,Chikungunya,Sao Paulo,quasi-poisson,per_state,107618.33723448217,108,1318.2131053822511,
Intercept,-3.0010842825323545,4.995326125724993,0.049733114375267395,2.7831602677527436e-06,888.695737044476,-0.6007784490941108,0.5479875599102171,False,Chikungunya,Sergipe,quasi-poisson,per_state,31494.987409940433,108,295.73149233944605,
Temp_Avg,-0.21321215413851258,0.19497522386208216,0.8079847017334302,0.5513620580842681,1.1840482468154938,-1.0935346036034328,0.2741591444790834,False,Chikungunya,Sergipe,quasi-poisson,per_state,31494.987409940433,108,295.73149233944605,
Rain_mm,-0.025686525731471954,0.007277557663800577,0.9746405664653313,0.9608369621718125,0.9886424765058118,-3.529553033875601,0.0004162622655277115,True,Chikungunya,Sergipe,quasi-poisson,per_state,31494.987409940433,108,295.73149233944605,
Intercept,-34.21735281117981,11.963894494211043,1.379089617116133e-15,9.030668520908245e-26,2.1060325352814997e-05,-2.860051367699416,0.004235723928224466,True,Chikungunya,Tocantins,quasi-poisson,per_state,55315.058099604845,108,762.9797291894428,
Temp_Avg,0.9632391930522547,0.44178382185518134,2.620169978745283,1.1022382687717969,6.228499691965802,2.180340576998333,0.0292322253725823,True,Chikungunya,Tocantins,quasi-poisson,per_state,55315.058099604845,108,762.9797291894428,
Rain_mm,0.009834190311822682,0.011080945468365744,1.0098827048647332,0.9881858784899944,1.032055911528831,0.8874865723234231,0.37481699233259747,False,Chikungunya,Tocantins,quasi-poisson,per_state,55315.058099604845,108,762.9797291894428,
Intercept,-7.93159330621442,7.283898963714061,0.00035921361944178497,2.2655456949647045e-10,569.5511888339016,-1.0889213792952037,0.27618855746248516,False,Zika,Acre,quasi-poisson,per_state,9751.177584615518,120,136.86365434619583,
Temp_Avg,-0.06721785144075068,0.2828620413756946,0.9349914899050024,0.5370696705688692,1.627738697790932,-0.23763475337248446,0.8121643932108897,False,Zika,Acre,quasi-poisson,per_state,9751.177584615518,120,136.86365434619583,
Rain_mm,-0.0010062074207962714,0.005159372025619172,0.9989942986361435,0.988943006332229,1.0091477489778136,-0.19502517279232587,0.8453732409458425,False,Zika,Acre,quasi-poisson,per_state,9751.177584615518,120,136.86365434619583,
Intercept,-26.787488496333154,14.720036461666382,2.3245642906243537e-12,6.861097152057617e-25,7.8757070793340755,-1.8197976999644385,0.0687898181376787,False,Zika,Alagoas,quasi-poisson,per_state,35305.37981076297,120,796.6326065240661,
Temp_Avg,0.6037086449708406,0.5516840346197588,1.8288889383752143,0.620275178645754,5.392501367238315,1.0943014607753496,0.27382278485778233,False,Zika,Alagoas,quasi-poisson,per_state,35305.37981076297,120,796.6326065240661,
Rain_mm,0.038548220841006536,0.023091401272686513,1.0393008431104,0.9933115423197098,1.087419401135208,1.6693755561124393,0.09504297484993085,False,Zika,Alagoas,quasi-poisson,per_state,35305.37981076297,120,796.6326065240661,
Intercept,-41.395338606538516,8.067963950878587,1.0525260820940179e-18,1.4277208685258366e-25,7.759297898559335e-12,-5.130828404610142,2.8846979582830556e-07,True,Zika,Amapa,quasi-poisson,per_state,3369.491972610877,116,33.855687267117396,
Temp_Avg,1.1570597501041249,0.29958212264040407,3.180567850226546,1.7680527322942148,5.721555508566893,3.86224565039541,0.00011234951124095005,True,Zika,Amapa,quasi-poisson,per_state,3369.491972610877,116,33.855687267117396,
Rain_mm,-0.0002625035547837804,0.004474752940029566,0.9997375308962598,0.9910076558364651,1.0085443082061136,-0.0586632509776162,0.9532203303759714,False,Zika,Amapa,quasi-poisson,per_state,3369.491972610877,116,33.855687267117396,
Intercept,-14.83073910956543,20.053322978967657,3.6231961164136493e-07,3.085735632390059e-24,42542692122.419586,-0.7395651645924328,0.4595638855819224,False,Zika,Amazonas,quasi-poisson,per_state,25741.338902506337,120,637.9220094361149,
Temp_Avg,0.11912504985016473,0.7292851229416615,1.126510779485017,0.2697461921626126,4.704520668565831,0.1633449608428308,0.870246835613627,False,Zika,Amazonas,quasi-poisson,per_state,25741.338902506337,120,637.9220094361149,
Rain_mm,0.012636545212226104,0.013749981227258522,1.0127167237201828,0.9857885319769738,1.0403804966626422,0.9190227247128819,0.35808368608861185,False,Zika,Amazonas,quasi-poisson,per_state,25741.338902506337,120,637.9220094361149,
Intercept,-24.999833251431284,24.486027193039956,1.3890259852814382e-11,1.9942667242709245e-32,9674699799.709164,-1.0209836432158081,0.30726218829740537,False,Zika,Bahia,quasi-poisson,per_state,282808.0971346475,120,9178.624160738602,
Temp_Avg,0.5988213508800431,0.9566385909439128,1.8199724268291073,0.2790985629372905,11.86784911953293,0.6259640333860959,0.5313385325100657,False,Zika,Bahia,quasi-poisson,per_state,282808.0971346475,120,9178.624160738602,
Rain_mm,-3.2190346004615233e-05,0.03778653452335128,0.999967810172099,0.928584590367945,1.0768384827322686,-0.0008518999270685243,0.9993202822830587,False,Zika,Bahia,quasi-poisson,per_state,282808.0971346475,120,9178.624160738602,
Intercept,-15.605741456966692,4.385210640524968,1.669216231807649e-07,3.088488184610842e-11,0.0009021510402446955,-3.5587210595426444,0.0003726650584234825,True,Zika,Ceara,quasi-poisson,per_state,34181.99496483625,120,472.6057983534993,
Temp_Avg,0.18770642423954303,0.15415825837144229,1.2064792702840181,0.8918620933979525,1.6320821799694605,1.2176215936954016,0.22336780469156414,False,Zika,Ceara,quasi-poisson,per_state,34181.99496483625,120,472.6057983534993,
Rain_mm,-0.016237287723005304,0.01722751369770424,0.983893826428043,0.9512263667115767,1.0176831672883386,-0.942520668270843,0.3459261345121114,False,Zika,Ceara,quasi-poisson,per_state,34181.99496483625,120,472.6057983534993,
Intercept,-11.160873039895291,9.050100951271741,1.4219830693335e-05,2.8137983724245846e-13,718.614336154007,-1.233231883267218,0.21748926323258222,False,Zika,Distrito Federal,quasi-poisson,per_state,10318.098844482767,117,151.40538602626037,
Temp_Avg,-0.044654512335637345,0.4123508737027705,0.956327824231561,0.4261933234266604,2.1458874579410208,-0.10829251296269854,0.913763661480508,False,Zika,Distrito Federal,quasi-poisson,per_state,10318.098844482767,117,151.40538602626037,
Rain_mm,0.01806923115870951,0.0067981413180176,1.0182334674324645,1.0047561489162207,1.031891564254553,2.657966393081493,0.00786137318574176,True,Zika,Distrito Federal,quasi-poisson,per_state,10318.098844482767,117,151.40538602626037,
Intercept,-12.343160413471285,5.836753708013993,4.359468492295194e-06,4.689089099575585e-11,0.4053018642156888,-2.1147303845498655,0.03445293314518638,True,Zika,Espirito Santo,quasi-poisson,per_state,45536.09989138004,120,576.2616291935317,
Temp_Avg,0.14587727433583453,0.24342157422216779,1.1570541790942979,0.7180407108884246,1.8644825468226274,0.5992783293837964,0.5489872964101419,False,Zika,Espirito Santo,quasi-poisson,per_state,45536.09989138004,120,576.2616291935317,
Rain_mm,-0.02287585433406756,0.009256052054240821,0.9773838142062837,0.9598121254196595,0.995277195372736,-2.4714483237577074,0.013456699841036812,True,Zika,Espirito Santo,quasi-poisson,per_state,45536.09989138004,120,576.2616291935317,
Intercept,12.70960222520034,11.248315365867048,330910.1691403264,8.80949020756441e-05,1242995195640877.8,1.1299116189227374,0.25851346757175353,False,Zika,Goias,quasi-poisson,per_state,59156.12375837635,120,1136.723296247485,
Temp_Avg,-0.9535624471658173,0.4588407987634256,0.38536573015094655,0.15678334219004836,0.9472099771591579,-2.0781989085008674,0.03769104259822176,True,Zika,Goias,quasi-poisson,per_state,59156.12375837635,120,1136.723296247485,
Rain_mm,-0.006633697240337938,0.018629545668168584,0.9933882571561024,0.9577700063148591,1.0303311055360294,-0.356084756896279,0.7217770923042925,False,Zika,Goias,quasi-poisson,per_state,59156.12375837635,120,1136.723296247485,
Intercept,-90.79864381023225,7.828042857329232,3.686803820972764e-40,8.003600957730025e-47,1.6983008630898155e-33,-11.59915006408267,0.0,True,Zika,Maranhao,quasi-poisson,per_state,10592.891136063454,120,96.04858122390219,
Temp_Avg,2.893963352903156,0.28032736719713797,18.064764945232906,10.42828382404724,31.29333052615977,10.32351347582842,0.0,True,Zika,Maranhao,quasi-poisson,per_state,10592.891136063454,120,96.04858122390219,
Rain_mm,0.012567654127352747,0.006967514208782035,1.0126469589695286,0.9989119186683836,1.0265708560943319,1.8037500535717819,0.07127049895434645,False,Zika,Maranhao,quasi-poisson,per_state,10592.891136063454,120,96.04858122390219,
Intercept,-2.8468205421917774,17.35997632496841,0.05802852713534429,9.694633080998772e-17,34733753545528.39,-0.16398758206238265,0.8697409195497099,False,Zika,Mato Grosso,quasi-poisson,per_state,149963.03425931744,120,5279.804327437261,
Temp_Avg,-0.2836511012447414,0.6775966384875456,0.7530293298741337,0.19954000974083375,2.8418018641333442,-0.41861350120903085,0.6754986208498106,False,Zika,Mato Grosso,quasi-poisson,per_state,149963.03425931744,120,5279.804327437261,
Rain_mm,0.02118069405040934,0.029618535727868284,1.021406597059034,0.9637998446351559,1.0824565311178733,0.7151161774172475,0.4745372584553458,False,Zika,Mato Grosso,quasi-poisson,per_state,149963.03425931744,120,5279.804327437261,
Intercept,-3.5033287068012657,4.036227357191216,0.030097032299133266,1.1036149811551526e-05,82.07856622849914,-0.8679711019151332,0.38541015279476776,False,Zika,Mato Grosso do Sul,quasi-poisson,per_state,21532.68975298012,120,295.24047904112365,
Temp_Avg,-0.2769531645253236,0.1659926241194607,0.7580900017841438,0.5475515273714473,1.0495824083697942,-1.6684666923875329,0.09522311857676091,False,Zika,Mato Grosso do Sul,quasi-poisson,per_state,21532.68975298012,120,295.24047904112365,
Rain_mm,0.0025136812404964234,0.009194568911724292,1.0025168431860052,0.984611950981477,1.0207473308340338,0.27338761225565966,0.7845552742067887,False,Zika,Mato Grosso do Sul,quasi-poisson,per_state,21532.68975298012,120,295.24047904112365,
Intercept,-3.1611354256170965,17.928717612078877,0.0423775971443657,2.3222223475584514e-17,77333711891037.95,-0.17631687296404214,0.8600450069794576,False,Zika,Minas Gerais,quasi-poisson,per_state,104694.37898492659,120,3208.586931989867,
Temp_Avg,-0.3415161106054393,0.7835037166953516,0.7106920178489387,0.15302049759891181,3.3007548149404795,-0.43588320428890887,0.6629214716646992,False,Zika,Minas Gerais,quasi-poisson,per_state,104694.37898492659,120,3208.586931989867,
Rain_mm,-0.01352236884126186,0.028522956993648523,0.9865686476734348,0.9329278945621409,1.043293594548382,-0.4740872008562441,0.6354377253146406,False,Zika,Minas Gerais,quasi-poisson,per_state,104694.37898492659,120,3208.586931989867,
Intercept,-34.558422699140095,14.165029567013875,9.8054542675084e-16,8.589168677264478e-28,0.0011193974295405278,-2.4397000045532096,0.01469946320389881,True,Zika,Para,quasi-poisson,per_state,24924.66641997508,120,519.4136887446728,
Temp_Avg,0.8756583275549201,0.5186660716838708,2.4004550596185075,0.8685525635193265,6.634238082149045,1.6882892006258656,0.09135572726546393,False,Zika,Para,quasi-poisson,per_state,24924.66641997508,120,519.4136887446728,
Rain_mm,-0.0025184236770907868,0.01772192215679377,0.9974847448913272,0.9634319793236159,1.0327411147276278,-0.14210781735802508,0.886994843487863,False,Zika,Para,quasi-poisson,per_state,24924.66641997508,120,519.4136887446728,
Intercept,5.518976926356764,17.602574225660273,249.37977276213576,2.58968864185561e-13,2.401457459315757e+17,0.31353237632206304,0.7538762270023998,False,Zika,Paraiba,quasi-poisson,per_state,27171.41197915625,120,405.75153398861386,
Temp_Avg,-0.6105324518228209,0.6707336020459433,0.5430616379214903,0.14585091460423072,2.0220369778429705,-0.9102458113929428,0.36269288923287624,False,Zika,Paraiba,quasi-poisson,per_state,27171.41197915625,120,405.75153398861386,
Rain_mm,-0.005905798481111196,0.016181280006300817,0.9941116064665114,0.9630777749151048,1.0261454597460136,-0.36497721310128384,0.7151284159850007,False,Zika,Paraiba,quasi-poisson,per_state,27171.41197915625,120,405.75153398861386,
Intercept,16.077060226384617,5.168178943831356,9597951.29012281,382.76816648763185,240669619453.70334,3.110778554905476,0.0018659481268756828,True,Zika,Parana,quasi-poisson,per_state,11742.343372903693,120,167.22423146750901,
Temp_Avg,-1.4107427400710422,0.25924782277380665,0.24396201547967888,0.14677294579905714,0.4055070549472437,-5.441676327218042,5.278151293808264e-08,True,Zika,Parana,quasi-poisson,per_state,11742.343372903693,120,167.22423146750901,
Rain_mm,0.006520383609569363,0.008514517511800357,1.0065416875889794,0.9898834493497146,1.0234802587314953,0.7657960184511567,0.44379768366453054,False,Zika,Parana,quasi-poisson,per_state,11742.343372903693,120,167.22423146750901,
Intercept,4.81242497738648,5.586065176543267,123.02960006880099,0.0021629921339898707,6997844.446696454,0.8615053396789176,0.3889597815427335,False,Zika,Pernambuco,quasi-poisson,per_state,22456.996279228508,120,251.3968484132918,
Temp_Avg,-0.6100905603035924,0.21746859737573584,0.543301665282828,0.3547545946744014,0.8320588483709738,-2.8054191164414233,0.005025119153512447,True,Zika,Pernambuco,quasi-poisson,per_state,22456.996279228508,120,251.3968484132918,
Rain_mm,-0.00381277980453449,0.011915008158029098,0.9961944796112691,0.9731994864215697,1.019732804069811,-0.31999808594047785,0.7489697815277798,False,Zika,Pernambuco,quasi-poisson,per_state,22456.996279228508,120,251.3968484132918,
Intercept,-40.71826097443914,10.583633041650877,2.0714952706017875e-18,2.0291475419092147e-27,2.114726784277165e-09,-3.8472857868556396,0.00011943362398691981,True,Zika,Piaui,quasi-poisson,per_state,3470.4098386999117,116,44.24992148089875,
Temp_Avg,1.034499603477755,0.37203949122784524,2.8136979186418536,1.3570350379459664,5.833965782749916,2.780617724380782,0.005425558397460284,True,Zika,Piaui,quasi-poisson,per_state,3470.4098386999117,116,44.24992148089875,
Rain_mm,-0.00902036942839779,0.016451503356712662,0.9910201920524456,0.9595745056945454,1.0234963676372388,-0.5483006162301413,0.583485504341553,False,Zika,Piaui,quasi-poisson,per_state,3470.4098386999117,116,44.24992148089875,
Intercept,3.5836408527745593,8.255501188078327,36.004389183010865,3.381668010864709e-06,383336281.46727306,0.4340912527454606,0.664222177240815,False,Zika,Rio Grande do Norte,quasi-poisson,per_state,35450.880001190555,120,570.3754438940947,
Temp_Avg,-0.4682111191914763,0.2935731831350899,0.626121323475471,0.3521794056309828,1.1131483143038927,-1.5948701928133042,0.11074126636739079,False,Zika,Rio Grande do Norte,quasi-poisson,per_state,35450.880001190555,120,570.3754438940947,
Rain_mm,-0.014595026812825786,0.01556063391374225,0.9855109643166686,0.9559077472459299,1.0160309544373822,-0.9379455164700138,0.34827241027874756,False,Zika,Rio Grande do Norte,quasi-poisson,per_state,35450.880001190555,120,570.3754438940947,
Intercept,-2.973162741053636,2.8661087202348394,0.05114130756758356,0.00018581930541304814,14.075143236104918,-1.037351695720051,0.29957198146858666,False,Zika,Rio Grande do Sul,quasi-poisson,per_state,3541.420972110468,118,41.225016537114705,
Temp_Avg,-0.5643831724515294,0.15754010832077617,0.5687108350995094,0.4176290065234347,0.7744481559171403,-3.582472923671967,0.0003403569038784582,True,Zika,Rio Grande do Sul,quasi-poisson,per_state,3541.420972110468,118,41.225016537114705,
Rain_mm,0.006702026612582413,0.004436418993444563,1.0067245354497856,0.9980086307973117,1.0155165586763546,1.5106838696898572,0.1308690140329798,False,Zika,Rio Grande do Sul,quasi-poisson,per_state,3541.420972110468,118,41.225016537114705,
Intercept,1.188329100786563,13.25372711728028,3.281593412032449,1.715080423781644e-11,627892148529.6971,0.08965999452615961,0.9285574075937584,False,Zika,Rio de Janeiro,quasi-poisson,per_state,438070.39371448406,120,12860.716919037508,
Temp_Avg,-0.5212928711457636,0.5973857506798639,0.593752406169342,0.18411974546436563,1.9147425983168864,-0.8726235444225082,0.38286830304147745,False,Zika,Rio de Janeiro,quasi-poisson,per_state,438070.39371448406,120,12860.716919037508,
Rain_mm,0.0054018939842081365,0.013668613874751701,1.0054165105206578,0.9788385245675288,1.0327161572172041,0.39520422726889454,0.6926921731825963,False,Zika,Rio de Janeiro,quasi-poisson,per_state,438070.39371448406,120,12860.716919037508,
Intercept,-21.70714487119029,5.769637989384235,3.7385807423492907e-10,4.586609428589566e-15,3.0473460155431365e-05,-3.7623062159411127,0.0001683537426921955,True,Zika,Rondonia,quasi-poisson,per_state,13849.803543167736,120,177.9394197971034,
Temp_Avg,0.44346328958369907,0.2176260098784483,1.5580940158830832,1.0170602012208938,2.386935364707496,2.0377311049878126,0.0415768316715468,True,Zika,Rondonia,quasi-poisson,per_state,13849.803543167736,120,177.9394197971034,
Rain_mm,0.0029859669169285752,0.005556765659769295,1.0029904293566034,0.9921258708826257,1.0139739632895413,0.5373569986128489,0.5910210405422951,False,Zika,Rondonia,quasi-poisson,per_state,13849.803543167736,120,177.9394197971034,
Intercept,-8.223938951870432,1.8459338136943095,0.0002681567254646343,7.1961152460480895e-06,0.009992617815759023,-4.455164584374602,8.382886043323268e-06,True,Zika,Roraima,quasi-poisson,per_state,3417.095828612862,113,38.206832272109985,
Temp_Avg,-0.07306768011620274,0.06627547393155991,0.9295379166626103,0.8163046819043349,1.0584782344966697,-1.1024844604152793,0.270251110609361,False,Zika,Roraima,quasi-poisson,per_state,3417.095828612862,113,38.206832272109985,
Rain_mm,0.0027593558073857136,0.0034322439268477897,1.0027631663336816,0.9960400191958321,1.0095316938845325,0.8039509621683375,0.42142529626056113,False,Zika,Roraima,quasi-poisson,per_state,3417.095828612862,113,38.206832272109985,
Intercept,-8.259630095668939,2.4433587583887175,0.00025875468800141976,2.1530755231201156e-06,0.03109690665457296,-3.3804409881730937,0.0007236961367276251,True,Zika,Santa Catarina,quasi-poisson,per_state,2414.4111982929408,120,22.533764195710944,
Temp_Avg,-0.27642804461741416,0.1346123050102204,0.7584881944763725,0.5825920021333746,0.9874909697581484,-2.0535124526426203,0.040022903270643395,True,Zika,Santa Catarina,quasi-poisson,per_state,2414.4111982929408,120,22.533764195710944,
Rain_mm,0.008258926616342872,0.00316239478560674,1.0082931256349985,1.0020627573994614,1.0145622314526521,2.6116051841257724,0.009011826099939002,True,Zika,Santa Catarina,quasi-poisson,per_state,2414.4111982929408,120,22.533764195710944,
Intercept,-11.871386954559718,4.862202475345401,6.987505344903874e-06,5.076119662281223e-10,0.09618613073261952,-2.441565733791536,0.014623725793335929,True,Zika,Sao Paulo,quasi-poisson,per_state,34898.19697139299,120,619.1317688803784,
Temp_Avg,-0.05821599283350615,0.2174461340203951,0.9434461478212343,0.616060309312135,1.4448108738453889,-0.26772604211048356,0.7889102026348802,False,Zika,Sao Paulo,quasi-poisson,per_state,34898.19697139299,120,619.1317688803784,
Rain_mm,0.02209143207159011,0.009598572577671105,1.0223372546103415,1.003283609091286,1.0417527533524302,2.3015330553399993,0.021361519189008193,True,Zika,Sao Paulo,quasi-poisson,per_state,34898.19697139299,120,619.1317688803784,
Intercept,-10.487742608251688,5.7428357108445125,2.7876051462943382e-05,3.6043820034731824e-10,2.1559153397611035,-1.82623065264554,0.06781552596973861,False,Zika,Sergipe,quasi-poisson,per_state,7445.615019480167,117,67.75792180999767,
Temp_Avg,0.007702754081440524,0.22326550371302756,1.0077324966090744,0.650575688668702,1.5609633166589199,0.03450042193415242,0.9724781058951195,False,Zika,Sergipe,quasi-poisson,per_state,7445.615019480167,117,67.75792180999767,
Rain_mm,-0.015989652281744253,0.006609655701888533,0.9841375035802089,0.9714703043289018,0.9969698730237053,-2.419135428971835,0.015557446854497003,True,Zika,Sergipe,quasi-poisson,per_state,7445.615019480167,117,67.75792180999767,
Intercept,-28.809079264925654,10.640863911764034,3.0787600784411014e-13,2.695812151517914e-22,0.0003516106867930508,-2.707400405062572,0.006781241428138296,True,Zika,Tocantins,quasi-poisson,per_state,31583.252809982056,120,378.28203372236067,
Temp_Avg,0.7535228361605169,0.39253109334801084,2.124471012644013,0.9842866564721702,4.585429512720709,1.9196513319072468,0.05490195550729471,False,Zika,Tocantins,quasi-poisson,per_state,31583.252809982056,120,378.28203372236067,
Rain_mm,-0.004701197768641502,0.010844063950018317,0.995309835564856,0.9743783869912828,1.0166909303387528,-0.43352730031009834,0.6646317371970607,False,Zika,Tocantins,quasi-poisson,per_state,31583.252809982056,120,378.28203372236067,
