Virus,Location_Name,Region,MK_Trend,MK_Tau,MK_p,MK_SenSlope,MK_Sig,Temp_BestLag,Temp_Rho,Temp_p,Temp_Sig,Rain_BestLag,Rain_Rho,Rain_p,Rain_Sig
Chikungunya,Distrito Federal,Centro-Oeste,no trend,0.2777777777777778,0.348082623632924,3.87058997631223,False,2,0.2001767536348698,0.037786385599309,True,2,-0.0894442368037511,0.3572789232410191,False
Chikungunya,Goias,Centro-Oeste,no trend,0.4444444444444444,0.117850895021365,8.879896790958446,False,2,0.07528244318421186,0.4387213645013181,False,2,-0.1458133359438533,0.1321277644399868,False
Chikungunya,Mato Grosso,Centro-Oeste,no trend,0.05555555555555555,0.9169652366288645,3.909385351195536,False,0,-0.05721316014456113,0.5564382777253272,False,2,0.4057934427079843,1.318331733456311e-05,True
Chikungunya,Mato Grosso do Sul,Centro-Oeste,increasing,0.6111111111111112,0.02856768180151303,148.5275245426239,True,2,0.1359013325300807,0.1607929916795007,False,1,0.2147773771522027,0.02560324341961498,True
Chikungunya,Alagoas,Nordeste,no trend,0.3333333333333333,0.2514521865080219,3.625938688760977,False,2,-0.3147108005295049,0.0009091664972399839,True,1,0.1764045964726908,0.06780985977885032,False
Chikungunya,Bahia,Nordeste,no trend,0.2777777777777778,0.348082623632924,14.28152084155358,False,0,-0.186061691735691,0.05385749930656752,False,0,0.09479282528114163,0.3291375512976294,False
Chikungunya,Ceara,Nordeste,no trend,0.05555555555555555,0.9169652366288645,0.2576605866696413,False,2,0.2760319293409761,0.003832490133982244,True,0,0.06115313530095459,0.5295351221443075,False
Chikungunya,Maranhao,Nordeste,no trend,0.05555555555555555,0.9169652366288645,0.3536627907563967,False,1,0.5373848394948116,2.016992694553845e-09,True,2,-0.07775218534698577,0.4238070218746725,False
Chikungunya,Paraiba,Nordeste,no trend,0.5,0.07633274037635718,7.533526067840596,False,2,0.288459893061986,0.002465769073574262,True,2,-0.06513138934903878,0.5030485871001749,False
Chikungunya,Pernambuco,Nordeste,no trend,0.2222222222222222,0.4655121698741866,6.845853672177501,False,0,0.06587341392040484,0.4981858274393689,False,0,-0.08520894960821865,0.3805901627156889,False
Chikungunya,Piaui,Nordeste,no trend,0.0,1.0,-0.5825501818930204,False,2,0.1647435202500921,0.088417456022612,False,2,-0.04969358326203561,0.6095350091415226,False
Chikungunya,Rio Grande do Norte,Nordeste,no trend,0.1111111111111111,0.7544541774940892,4.525267432911169,False,0,0.04019646867951737,0.6795772079632573,False,2,-0.1589760445116664,0.100305964356663,False
Chikungunya,Sergipe,Nordeste,no trend,0.2222222222222222,0.4655121698741866,13.19342128036947,False,2,0.2088794241687232,0.03004698777727021,True,2,-0.2834617167293271,0.002951261877331102,True
Chikungunya,Acre,Norte,no trend,0.3888888888888889,0.1753080808082736,8.022048616538628,False,1,0.2121570153276859,0.0275030797540942,True,0,0.1222617871661227,0.2074775358323168,False
Chikungunya,Amapa,Norte,no trend,-0.1111111111111111,0.7544541774940892,-3.099569367690417,False,2,0.2374635479271186,0.01521504888349686,True,0,0.08282603104763521,0.4032157493402026,False
Chikungunya,Amazonas,Norte,no trend,0.2777777777777778,0.348082623632924,0.8362387373724443,False,2,0.1036351638197056,0.285812444179755,False,1,0.193645743699879,0.04463708037408856,True
Chikungunya,Para,Norte,no trend,-0.2222222222222222,0.4655121698741866,-11.19431044675846,False,2,0.2489358319534311,0.00937830298696094,True,0,0.2526282695692676,0.008345274653543398,True
Chikungunya,Rondonia,Norte,no trend,0.4444444444444444,0.117850895021365,13.3998433857827,False,0,0.353206409366862,0.0001771738076609024,True,0,-0.09343701996833462,0.3361333965904302,False
Chikungunya,Roraima,Norte,no trend,-0.2777777777777778,0.348082623632924,-5.415799305417025,False,0,-0.2593014282039311,0.006730394319703734,True,0,0.2543829638390793,0.008190906569555562,True
Chikungunya,Tocantins,Norte,no trend,0.1111111111111111,0.7544541774940892,11.94301431350814,False,2,0.307910164065724,0.001187768626456536,True,2,-0.05074023969723934,0.6020127166824364,False
Chikungunya,Espirito Santo,Sudeste,no trend,0.5,0.07633274037635718,20.24675958744098,False,2,0.5348441715527457,2.481068141751497e-09,True,1,-0.2235395831655924,0.02004150913895473,True
Chikungunya,Minas Gerais,Sudeste,no trend,0.3888888888888889,0.1753080808082736,18.14572335945146,False,2,0.2705885437617633,0.004620630964282408,True,1,-0.1846847490756778,0.05568901905687241,False
Chikungunya,Rio de Janeiro,Sudeste,no trend,-0.2222222222222222,0.4655121698741866,-3.165674548956934,False,2,0.2492865761441983,0.009275560400258277,True,0,-0.009129364020744303,0.925289404731042,False
Chikungunya,Sao Paulo,Sudeste,no trend,0.5,0.07633274037635718,5.009298310798009,False,1,0.4748907829339311,2.071584776747461e-07,True,2,-0.1159155871480305,0.232225896164373,False
Chikungunya,Parana,Sul,no trend,0.2777777777777778,0.348082623632924,2.00077912626232,False,2,0.2271653226549778,0.01806421830733357,True,2,0.2265913996196916,0.01836551252862847,True
Chikungunya,Rio Grande do Sul,Sul,increasing,0.6111111111111112,0.02856768180151303,0.924380631788492,True,1,-0.04667753470525394,0.6314377257232991,False,1,0.1686946911271571,0.0809399871619764,False
Chikungunya,Santa Catarina,Sul,increasing,0.7777777777777778,0.004878564475033542,1.295384999031984,True,2,0.2342143829737353,0.01469777424026279,True,2,-0.05825700722920027,0.5492470895081796,False
Dengue,Distrito Federal,Centro-Oeste,no trend,0.3333333333333333,0.2104977000553374,219.6856334862208,False,2,0.171731993002333,0.06072429941275295,False,0,0.08902809778216657,0.3335601263262736,False
Dengue,Goias,Centro-Oeste,no trend,0.1555555555555556,0.5915050369949166,40.90309819227158,False,0,-0.1584656285446851,0.08386729325087557,False,0,0.08962174062998243,0.3303338775880553,False
Dengue,Mato Grosso,Centro-Oeste,no trend,0.4666666666666667,0.07363827012030266,80.59000117323015,False,2,0.1874298937792196,0.04037370168827363,True,0,-0.28780918053226,0.001434997464777236,True
Dengue,Mato Grosso do Sul,Centro-Oeste,no trend,-0.02222222222222222,1.0,-24.51025447454845,False,2,0.1811397547877111,0.04771161596065828,True,0,-0.1226966596466516,0.1818578291408884,False
Dengue,Alagoas,Nordeste,no trend,0.1555555555555556,0.5915050369949166,14.83351186886307,False,2,-0.02760978546082905,0.7646795711040485,False,2,0.2154091899544009,0.01813746405531455,True
Dengue,Bahia,Nordeste,no trend,0.1555555555555556,0.5915050369949166,23.70645611147057,False,2,0.2750049082817571,0.002367094091723428,True,2,-0.2103590886835499,0.02110414769552381,True
Dengue,Ceara,Nordeste,no trend,-0.3777777777777778,0.1524062839567493,-35.74913127197876,False,2,0.07089637133829485,0.4416138511690161,False,0,-0.04431777537789476,0.6307782721377946,False
Dengue,Maranhao,Nordeste,no trend,-0.1111111111111111,0.7205147871362552,-2.932040154895805,False,2,0.4217349149190054,1.60860042942178e-06,True,2,-0.1302606289151043,0.1561768718092449,False
Dengue,Paraiba,Nordeste,no trend,-0.06666666666666667,0.8580276569875211,-13.52546766381079,False,1,-0.03055793406949375,0.7404035163335713,False,2,-0.06066814479662865,0.5103860088166635,False
Dengue,Pernambuco,Nordeste,no trend,-0.1111111111111111,0.7205147871362552,-7.259795343451967,False,0,0.1972591153358948,0.03081035982497858,True,2,0.1203913500202978,0.190268010392253,False
Dengue,Piaui,Nordeste,no trend,0.3777777777777778,0.1524062839567493,26.32771532981673,False,2,0.1721320165307469,0.06011726210944256,False,2,-0.129478191118883,0.1587000499304635,False
Dengue,Rio Grande do Norte,Nordeste,no trend,-0.1555555555555556,0.5915050369949166,-61.63849841519252,False,2,-0.5176675324598218,1.407689192186212e-09,True,2,0.0701580152686067,0.4463959775077045,False
Dengue,Sergipe,Nordeste,no trend,0.02222222222222222,1.0,0.1010089853383622,False,0,0.1770070398679743,0.05311068791438728,False,2,-0.1380097057980723,0.1327876457310663,False
Dengue,Acre,Norte,no trend,0.2444444444444444,0.3710933695226974,55.41074950315878,False,0,-0.1250612079147115,0.1735177471130632,False,2,-0.1004870172162497,0.2748220761487918,False
Dengue,Amapa,Norte,no trend,0.2,0.4742743507673295,6.560822045564638,False,2,0.4406296688702375,4.741777425021974e-07,True,2,-0.06893348523678113,0.4543907042672994,False
Dengue,Amazonas,Norte,no trend,0.2444444444444444,0.3710933695226974,3.300701537186917,False,0,0.2640806994700812,0.003562546826423334,True,2,0.1091539514043132,0.2353239588769898,False
Dengue,Para,Norte,no trend,0.2,0.4742743507673295,4.789465803886718,False,0,0.3481514811160575,9.758544523395318e-05,True,2,-0.1085545620286083,0.237920625340597,False
Dengue,Rondonia,Norte,no trend,0.2444444444444444,0.3710933695226974,16.98708279763889,False,2,0.1801418245128774,0.04897173178588179,True,0,-0.08250963179654844,0.3702975854722456,False
Dengue,Roraima,Norte,no trend,0.02222222222222222,1.0,1.150605591744472,False,0,0.3165434397511637,0.0004278377448333995,True,2,0.293940599416477,0.001175922014075269,True
Dengue,Tocantins,Norte,no trend,-0.1111111111111111,0.7205147871362552,-16.85799418561265,False,2,0.1931118312282726,0.03458140029936013,True,1,-0.08128037336132829,0.377493673297536,False
Dengue,Espirito Santo,Sudeste,no trend,0.2888888888888889,0.2831308706623465,81.72320668494662,False,2,0.3968942757904201,7.189124387752562e-06,True,2,-0.182096295049054,0.04652913708861759,True
Dengue,Minas Gerais,Sudeste,no trend,0.2,0.4742743507673295,73.92809316394873,False,2,0.3428208784144871,0.0001266258745012394,True,2,-0.1641899106703519,0.07313835471193803,False
Dengue,Rio de Janeiro,Sudeste,no trend,0.1111111111111111,0.7205147871362552,13.32824765077473,False,2,0.6308013972677332,1.147826562814118e-14,True,2,-0.171694565361629,0.06078135160752572,False
Dengue,Sao Paulo,Sudeste,increasing,0.5111111111111111,0.0490979816092656,161.2078744628794,True,2,0.3255393597079764,0.0002854875206566558,True,2,-0.1235096491959971,0.1789578159906039,False
Dengue,Parana,Sul,no trend,0.4222222222222222,0.1074046363302537,185.8041369193426,False,2,0.4028711276437341,5.069344374274071e-06,True,2,0.07615819876079045,0.4083840963207742,False
Dengue,Rio Grande do Sul,Sul,increasing,0.7333333333333333,0.004207551285491773,82.54991104155461,True,2,0.123744745273601,0.1781255690563576,False,0,0.1533669048087425,0.09445046668141897,False
Dengue,Santa Catarina,Sul,increasing,0.6888888888888889,0.007290358091535554,108.7593463960632,True,2,0.2780740306197634,0.002103944292768247,True,0,0.1360961644470148,0.1382978635344795,False
Zika,Distrito Federal,Centro-Oeste,decreasing,-0.5555555555555556,0.03182312738649018,-1.22817922725705,True,0,-0.1084067344215221,0.2446507344871617,False,0,0.1258496961777901,0.1763627504857873,False
Zika,Goias,Centro-Oeste,no trend,-0.3777777777777778,0.1524062839567493,-6.509439927128076,False,0,-0.2172134211428732,0.01716872022316461,True,0,0.163015469399614,0.07524409383468253,False
Zika,Mato Grosso,Centro-Oeste,no trend,-0.2,0.4742743507673295,-1.443864223577303,False,1,-0.03984656638390076,0.6656686183800553,False,2,0.2158426776678976,0.01790049903703586,True
Zika,Mato Grosso do Sul,Centro-Oeste,no trend,0.2444444444444444,0.3710933695226974,4.210523089170231,False,2,0.02015050806457744,0.8270789133166724,False,1,0.1415680746048884,0.1229892388518168,False
Zika,Alagoas,Nordeste,decreasing,-0.5555555555555556,0.03182312738649018,-1.569506199826306,True,1,-0.0813297422507434,0.377203037713403,False,1,0.1973074175250436,0.03076858033968386,True
Zika,Bahia,Nordeste,no trend,-0.1111111111111111,0.7205147871362552,-0.575832326497777,False,0,-0.1144852190681909,0.2130971072422154,False,2,-0.1604868606243831,0.07994372081882303,False
Zika,Ceara,Nordeste,no trend,-0.02222222222222222,1.0,-0.03490746289530922,False,0,0.4756074266618401,4.029308293831676e-08,True,0,-0.1946380980822188,0.03315065701100359,True
Zika,Maranhao,Nordeste,no trend,0.02222222222222222,1.0,0.825195539643268,False,0,0.6391468595041355,3.975005704499188e-15,True,2,-0.1893406488019385,0.03834130811952681,True
Zika,Paraiba,Nordeste,no trend,-0.2,0.4742743507673295,-1.006630121767569,False,2,-0.1437567411253459,0.117245384848999,False,2,-0.1440482995310703,0.1164961871486153,False
Zika,Pernambuco,Nordeste,no trend,0.2888888888888889,0.2831308706623465,2.50041630123031,False,1,-0.1109073553116645,0.2278418037881313,False,1,0.05971465729662542,0.5170671241419942,False
Zika,Piaui,Nordeste,decreasing,-0.5555555555555556,0.03182312738649018,-0.55295695809318,True,2,0.1699006248739438,0.0682505379894344,False,2,-0.1371468068767271,0.1420862525852365,False
Zika,Rio Grande do Norte,Nordeste,no trend,0.2,0.4742743507673295,2.29314088586023,False,0,-0.03271318542762185,0.7228150419558489,False,2,-0.1050584603576039,0.2534643081379549,False
Zika,Sergipe,Nordeste,no trend,0.2444444444444444,0.3710933695226974,3.54339739130573,False,2,0.1737702345768636,0.06096995413656656,False,2,-0.2335405550576039,0.01127202385127411,True
Zika,Acre,Norte,no trend,0.2,0.4742743507673295,8.39836582471198,False,1,0.2125579118547139,0.01976472732494063,True,0,0.0809138754431216,0.3796555111868591,False
Zika,Amapa,Norte,no trend,-0.06666666666666667,0.8580276569875211,-0.3973413081546647,False,2,0.2380838967321148,0.01006490603783263,True,1,0.1127205450509254,0.2283061588335932,False
Zika,Amazonas,Norte,no trend,-0.3333333333333333,0.2104977000553374,-1.49480678961878,False,0,-0.02419196576658141,0.7931100090746547,False,2,0.1654679270141422,0.07090125466151101,False
Zika,Para,Norte,no trend,-0.2444444444444444,0.3710933695226974,-1.02447234523216,False,0,0.263586315266608,0.003627657557495717,True,2,-0.1475800435810608,0.1077130503224064,False
Zika,Rondonia,Norte,no trend,0.2444444444444444,0.3710933695226974,2.515623113979544,False,1,0.3197037707264508,0.0003716872485611102,True,0,0.05196712860568444,0.5729624379269215,False
Zika,Roraima,Norte,no trend,-0.2,0.4742743507673295,-2.736067442799726,False,2,0.05033042574983532,0.5948667127575133,False,1,0.1582903670819351,0.09402933641307934,False
Zika,Tocantins,Norte,no trend,-0.3777777777777778,0.1524062839567493,-15.74233109152661,False,2,0.1574551582316069,0.08588570503571666,False,2,0.02135247381842119,0.816939780739653,False
Zika,Espirito Santo,Sudeste,no trend,0.2888888888888889,0.2831308706623465,2.322482136257,False,2,0.4482451458651198,2.837225077132587e-07,True,2,-0.2010129475493803,0.02770345440747298,True
Zika,Minas Gerais,Sudeste,no trend,-0.4666666666666667,0.07363827012030266,-1.020431426099944,False,2,0.1472850740491901,0.1084262010311694,False,0,0.1196885086909055,0.192887485624508,False
Zika,Rio de Janeiro,Sudeste,no trend,-0.4222222222222222,0.1074046363302537,-3.07419475855566,False,0,-0.05184293811522906,0.5738809713879295,False,2,-0.1555635283176902,0.08976826303950954,False
Zika,Sao Paulo,Sudeste,no trend,-0.2,0.4742743507673295,-0.2299644578707229,False,2,0.1877609869898701,0.04001520704944622,True,0,0.2485393273926602,0.006196402488016289,True
Zika,Parana,Sul,no trend,-0.4666666666666667,0.07363827012030266,-0.3538517050319585,False,0,-0.3967013358584628,7.269844072624092e-06,True,1,0.3081721640955701,0.0006164861661975049,True
Zika,Rio Grande do Sul,Sul,no trend,-0.2888888888888889,0.2831308706623465,-0.1294481054684127,False,1,-0.3334602957393565,0.0002243080768443894,True,1,0.1413475768731838,0.126820975385516,False
Zika,Santa Catarina,Sul,no trend,0.06666666666666667,0.8580276569875211,0.04552207672797681,False,2,0.08415606416750877,0.3607921640026374,False,1,0.05276222953256501,0.5670981203971674,False
